P0,P1,P2,P3,P4,P5,P6,P7,P8,P9,P10,P11,P12,P13,P14,P15,P16,P17,P18,P19,P20,P21,P22,P23,P24,P25,P26,P27,P28,P29,P30,P31,P32,P33,P34,P35,P36,P37,P38,P39,P40,P41,P42,P43,P44,P45,P46,P47,P48,P49,P50,P51,P52,P53,P54,P55,P56,P57,P58,P59,P60,P61,P62,P63,P64,P65,P66,P67,P68,P69,P70,P71,P72,P73,P74,P75,P76,P77,P78,P79,P80,P81,P82,P83,P84,P85,P86,P87,P88,P89,P90,P91,P92,P93,P94,P95,P96,P97,P98,P99,P100,P101,P102,P103,P104,P105,P106,P107,P108,P109,P110,P111,P112,P113,P114,P115,P116,P117,P118,P119,P120,P121,P122,P123,P124,P125,P126,P127,P128,P129,P130,P131,P132,P133,P134,P135,P136,P137,P138,P139,P140,P141,P142,P143,P144,P145,P146,P147,P148,P149,P150,P151,P152,P153,P154,P155,P156,P157,P158,P159,P160,P161,P162,P163,P164,P165,P166,P167,P168,P169,P170,P171,P172,P173,P174,P175,P176,P177,P178,P179,P180,P181,P182,P183,P184,P185,P186,P187,P188,P189,P190,P191,P192,P193,P194,P195,P196,P197,P198,P199,P200,P201,P202,P203,P204,P205,P206,P207,P208,P209,P210,P211,P212,P213,P214,P215,P216,P217,P218,P219,P220,P221,P222,P223,P224,P225,P226,P227,P228,P229,P230,P231,P232,P233,P234,P235,P236,P237,P238,P239,P240,P241,P242,P243,P244,P245,P246,P247,P248,P249,P250,P251,P252,P253,P254,P255
0.26050081,0.048563556,2.545619651,3.20686701,3.256257127,2.632339126,3.551764542,1.888609482,1.967377295,2.490926672,2.331417733,1.672370855,1.616717517,0.877897261,1.367220571,1.065776731,1.020194386,2.721604229,2.024804034,2.030350039,0.966291778,2.674578161,1.11321404,2.17112804,1.400630158,3.60356486,2.509434358,2.394001629,3.14419769,3.170639459,2.976394837,2.044746944,2.242971129,2.276909703,0.78357504,0.73813753,0.898838381,1.212093956,1.368012098,0.701067829,2.227464387,0.802801781,1.798415365,1.383250011,1.492702503,2.349447457,1.613326331,1.582881371,3.216479707,3.216479839,1.075897329,1.0230096,0.707123568,0.698433197,1.535860604,0.697780812,1.228080385,1.042895478,1.651733961,1.745228287,1.270058835,2.203517478,2.266052954,1.526750385,1.726934314,3.060225418,2.597471205,0.70588211,1.204151637,1.535766317,0.857355906,1.028891445,0.651214772,1.876383964,1.935148655,1.554637151,1.543874274,1.04294062,2.743473876,1.879810589,3.644589584,3.320279557,1.06379246,1.055954401,0.76310275,0.903272992,1.68388036,1.379770861,1.480264926,1.271215292,2.296966876,1.724777681,1.118591862,2.629861877,2.673008326,1.56899372,2.24919083,2.589890295,2.238296064,0.740233074,0.371887701,0.317542647,1.480157381,1.063614742,1.179830086,1.35910588,2.23045528,2.056328834,0.496358286,2.639110233,1.72303887,1.90981935,1.623445001,1.378864032,1.378863547,1.152612899,0.887314442,0.887314446,1.796116886,0.976407465,1.180503752,1.180503289,2.441014446,1.764642274,2.016038249,1.025573923,1.772383291,2.366152272,3.228605855,1.993254933,3.786377264,1.454868514,2.363171533,1.361811852,1.806455256,1.259278165,1.311709753,2.655331408,2.776088134,2.223990827,1.938368654,1.578746124,3.234297218,2.616264163,2.047710375,1.982962047,1.361704603,1.352438003,0.938477448,2.093523872,1.466176098,1.775614249,1.922188528,2.617227058,2.01943878,2.464540707,2.325253925,1.785283703,2.211819462,2.954976094,2.954976062,1.577828652,2.273550514,0.880344998,0.552937451,0.754578388,1.863347427,0.820933991,1.622655286,2.591959572,2.037751427,2.180806969,1.818095729,3.180246906,3.180247074,2.016356343,1.328654356,1.554529304,1.510786141,1.36900781,0.904788737,1.226901835,1.919307564,1.27804904,1.738199142,1.453847299,1.955817512,2.208316827,1.551150766,1.391494741,1.921089451,1.921089239,2.76698981,3.23755839,3.180492403,0.997408025,1.315645626,1.098205876,1.800258785,0.953619065,1.760659018,1.760659865,2.822171245,2.667681116,0.808407223,3.238564776,3.494045294,2.264717539,2.895487869,1.198186275,1.795209268,1.794729941,1.169136988,1.628871494,2.170750545,1.843919467,2.006513877,1.957558668,2.319619515,2.45769953,2.081798935,3.105370038,3.114968513,2.423275358,3.530117513,1.116182983,2.750493069,0.782351766,1.00402067,1.839653345,1.991804674,1.064639174,1.210071271,1.529610719,2.82705636,2.305599169,1.251333655,1.040537315,2.124480888,2.667257199,3.025894555,1.363308253,1.881103691,2.020049303,1.144306931,1.933507519,1.933507765,1.302591108,1.732998909,1.73965564,2.009236879,2.177616583,1.74561145,1.611342691,2.869989483,1.994742263
0.26159649,2.444306318,2.556538987,2.034599184,3.252266456,3.577738405,2.27297796,2.046291291,2.368155794,2.508891657,2.33434668,1.622865827,1.666954056,1.156612471,1.369857874,1.26249995,1.02346488,2.732776641,2.100052833,2.028172297,0.964601876,2.671744406,1.113299729,1.147553687,1.398436557,3.599031883,1.789182226,2.390678707,1.5835708,3.166963277,2.336134082,2.043327338,2.242096096,2.564688618,2.274425696,0.744880969,0.8992537,1.364942259,1.097443477,0.529043511,0.632634668,2.245242316,1.929380419,1.431748525,1.431748141,2.207181309,1.611453428,1.657249168,1.911368132,1.984220517,1.074817949,1.022091019,0.29613881,0.515294009,1.431844773,0.618294152,1.354896433,1.053070981,1.649626191,1.649626081,1.419816138,2.201741047,2.264771241,1.631982945,1.726464443,2.60989342,0.728342504,0.7140355,0.874758821,1.244658724,0.857121082,1.251764978,0.651104541,1.888302618,1.842602394,1.553803106,1.544398165,1.123398054,2.7432119,1.877997363,2.174497804,3.328217937,1.06278198,1.054742516,0.505659579,0.902497235,1.564279544,1.378719098,1.478815571,1.278101727,2.349672695,1.627392059,1.116863875,2.790258133,2.790258099,1.567620418,2.249013758,1.663334903,2.23821051,0.603807511,0.37268015,0.542488709,1.478768874,1.062020383,1.178219817,1.372335585,2.229416324,2.054356019,0.496353431,2.439239349,1.694882398,1.839862466,1.627525103,1.546923927,1.202304672,1.15225804,0.935857565,0.886325651,1.794950604,0.890265926,1.125498454,1.185571778,2.486278292,1.838471733,2.015469048,1.19821671,1.677236259,2.280021884,2.365705545,1.999783982,3.781598147,1.458776308,1.443303946,2.142144219,1.805454697,0.702860211,1.494581581,2.653431742,2.775024286,2.222125149,1.938639999,1.582487554,3.223354168,2.410869999,2.048897471,1.980691858,1.351532904,1.351531134,0.93753729,1.960064176,1.46505697,1.775003782,1.989418321,2.617890614,2.017929903,2.388376615,2.324022582,1.55877471,2.210777098,2.955011232,2.955011282,1.581280398,2.27424313,1.067380969,0.55282951,0.755936087,1.777951253,0.819711007,1.621817465,2.595196419,2.037122154,2.179197464,1.974680413,2.993757807,3.109335558,1.959207178,1.32807425,1.554830336,1.596516406,1.5101745,0.90478716,1.226370642,1.9181273,1.277315803,1.737414077,1.48373525,1.99828257,2.207938885,1.390667834,1.563563006,2.034853495,1.920232541,3.058035918,3.238493472,3.18142248,0.56828554,0.568285211,1.10293567,1.845514323,0.952801885,0.514120931,0.421867049,2.866287411,2.66556365,0.811324084,3.493279993,3.493280297,2.337953425,2.313197241,1.199939066,1.808751253,1.658220398,1.168819801,1.707043512,2.170117503,2.006100963,2.006100959,1.965721082,2.318783013,2.45721193,2.081643489,3.104999339,3.302711724,2.262717989,3.208622279,1.117897492,2.751224556,0.781376013,0.781376869,1.838832769,1.991320053,1.063569862,1.536944999,1.536945419,2.82689409,2.257204972,1.250215552,1.209832569,2.122778604,2.627119344,3.026687883,0.897760417,1.881275848,2.019334115,1.14421773,1.932811165,1.932811353,1.303288085,1.726795993,1.742445103,2.087033267,2.100179043,1.611603231,1.611602898,2.86999917,2.124935348
0.260896749,0.049467663,2.559360276,2.027572744,3.251803542,3.57922255,2.271178697,1.900203944,1.977654273,2.333875765,2.039779558,1.677972527,1.622852256,1.156726105,1.369754694,1.069159862,1.024420805,2.739016634,2.022130941,2.027619558,2.668225837,0.984987451,1.108642192,2.169277426,1.396842872,1.009015805,1.787730381,2.3950923,3.134028273,1.592350219,2.334955195,2.749874307,2.241479438,2.267992771,2.267992361,0.740873664,1.356197122,1.217201964,1.363794888,0.700209562,0.632368931,0.802910427,1.927811915,1.431889556,1.431889472,2.207003764,1.580955069,1.580954891,3.209184557,3.209184596,1.072274602,0.426301529,0.70882096,0.514374026,1.532889751,0.617564216,1.227203487,0.665008539,1.699048339,1.649883457,1.268816053,2.380315388,2.38031508,1.524095214,2.827307768,2.6119487,0.725227669,0.71089386,1.214664392,1.531537765,0.591065869,1.250914161,0.650528561,1.882131678,1.843385377,1.555075963,1.545147919,1.042866077,2.658162998,1.878471397,2.173692246,3.329087387,1.064678049,0.562659281,0.763442466,0.901951377,1.682384729,1.478187262,1.478187227,1.276487785,2.295981393,1.627584165,1.116684394,2.789989932,2.789989945,1.684936944,2.248713045,1.662378407,2.235897466,0.604052113,0.716484377,0.545425423,1.477391841,1.177547275,1.177546889,1.363667919,2.212311718,2.053801587,0.694787266,2.438776246,1.7197085,1.83932667,1.628669672,1.549061426,1.20350163,1.153506482,0.885580194,0.885579889,1.794579751,0.889444676,1.125537062,1.103395887,2.486432958,1.763058429,2.015313405,1.197799148,1.770783023,2.279227313,2.365562248,2.003281797,3.772649942,1.462495435,2.374056732,2.148872863,1.822907181,1.267161356,1.495870781,2.654588433,2.776464085,2.086524015,1.940914419,1.585589784,3.223441532,2.618559161,2.0528122,1.985619162,1.352943583,1.0800115,0.93772683,1.958940724,1.290232049,1.774004156,1.921154586,2.61737667,2.127453393,2.388690526,2.463787619,1.558792895,2.210095231,2.954292804,3.38352631,1.580175038,1.135266046,0.880906396,0.553214736,0.758024394,1.861767173,0.912883344,1.621036753,2.650795806,2.034859689,2.178470616,1.974109942,2.993584516,3.179570899,2.014315156,1.328862531,1.556053262,1.595284283,1.511213895,0.876930116,1.225386795,1.783768054,1.277021045,1.703278654,1.481351824,1.997629307,2.207947847,1.390257196,1.390257158,2.034579379,1.919381411,2.766636236,1.388325603,3.178055854,1.000649679,1.324182886,1.106629205,1.798451483,0.955077629,0.514346744,1.765529701,2.819466261,2.76490963,0.811522231,3.236020561,3.491149235,2.336436769,2.311419559,1.200579891,1.794091834,1.795253932,1.168528589,1.627769522,1.970387551,1.842477833,2.005657792,1.957646746,2.317958285,2.45671006,1.900485941,3.10401645,3.301894712,2.26085337,3.530949882,2.295459024,2.749476956,1.202308362,1.006233485,1.838052657,1.990275985,0.9960583,1.208729485,1.529775489,2.825966112,2.257944785,1.249456588,1.039260181,2.132030342,2.666331028,3.02695223,1.361941136,1.88012063,2.020699173,1.16827999,1.805963682,1.9327765,1.425157727,1.732561942,1.739727478,2.086323498,2.177140637,1.745050956,1.610589298,2.69889358,1.993307033
0.261169791,0.050017546,2.617802469,2.011075975,3.013276683,2.63780887,2.258790342,1.905744133,2.351588384,2.492519127,2.171736399,1.519916627,1.654175711,0.798974828,1.489731672,1.250661076,0.975793741,2.766699621,1.85423517,0.812332958,0.805936237,0.800108883,0.950845592,2.007800229,1.284675697,3.346243827,1.707966783,2.273295946,1.48937821,2.950456411,2.277069113,2.634209051,3.314074915,2.126162761,0.785524838,0.740152212,0.770236938,1.218996557,1.099076503,0.522413607,2.240390468,0.682148029,1.896429563,1.382214025,1.398472612,2.208102471,1.570881047,1.570880832,1.897388861,3.111767915,0.962531122,0.931538535,0.302373836,0.624666602,1.429769596,0.600860164,1.236362045,1.004245972,1.649542556,1.649542561,1.429749027,2.389422726,2.271539237,1.531145494,1.737529051,0.724849457,3.067646754,0.409006966,0.821213136,1.302793841,1.275523345,1.513283716,1.015918358,1.207768835,2.240922245,1.922160517,2.231017909,2.044218641,3.299512787,3.687669736,3.122941176,2.059932496,1.104395724,0.571572138,0.517695979,0.815888234,1.631807962,1.492817663,1.492818655,1.007494044,2.3419332,1.695016452,1.129683642,2.70859337,2.735424729,1.664331855,2.256376591,2.630766286,0.659399898,0.659401053,0.446992256,0.39636746,1.508644908,1.083774864,1.520242761,0.446087081,2.250985374,1.984107564,0.516333173,2.479647856,1.745958921,1.860580054,2.22795332,2.475527707,1.248474634,1.207208822,0.906021029,0.923819137,1.732336975,0.901245372,1.20898874,1.012984079,2.438092703,1.797304098,1.966102659,1.035872118,1.700039853,2.278656807,2.316236489,1.999133459,3.510665602,2.110727285,2.361223058,2.136135753,1.779974932,0.615983009,1.471907264,1.834752804,2.784732454,2.089618059,1.919134553,0.836510634,3.24268411,2.625724907,2.026216928,1.86819884,1.223791282,1.296739216,0.999342221,1.952140629,1.479146909,1.934006967,1.934007182,2.757581141,2.148054523,2.391119729,2.475048352,1.798161614,2.225273614,2.965253738,2.965253726,1.58183123,2.187362507,1.069269365,0.523270856,0.75347373,1.870831123,0.916035583,1.626552719,2.593179788,2.113159405,2.113159294,1.976905063,2.999052437,3.187040725,1.964343396,1.306329928,1.524151375,1.485672947,1.48930019,0.880567645,1.284984369,1.929911206,1.171128489,1.74826889,1.462149331,2.014972392,2.272136994,1.564028604,1.579577125,2.050334546,1.926402218,3.026714439,1.58439306,3.728913568,1.852619398,1.339554925,2.927552637,0.850769889,1.751586045,1.020289147,5.914613995,1.930802782,2.197829233,1.117805069,2.239058342,2.608627238,1.717608098,2.911265969,1.325749732,1.814075159,1.795531325,1.166862357,1.730313125,2.201759618,1.819814491,2.034876512,2.296714196,2.357614505,2.589316402,2.112613362,3.338521298,3.338521448,2.200734612,3.541194795,1.060032586,2.010711867,1.074327148,1.110568463,1.818334828,1.99107466,1.03816356,1.194319915,1.918930435,2.815236556,2.16021758,1.229290559,1.197725532,2.11945542,2.614999217,3.028403119,0.897019971,1.798005064,1.935609292,1.140332248,1.793022392,1.761052499,1.296061024,1.728398795,1.73990342,2.048153551,2.103089425,1.61323943,1.613239268,2.864234748,2.122076389
0.36386714,0.049226555,2.564351538,2.0347776,3.239630126,3.597636572,3.597636475,2.04188082,2.369282998,2.50910126,2.332883035,1.68005528,1.621086907,1.152747059,1.371724374,1.071899887,1.023449442,2.208213933,2.104082135,2.027296194,0.966251267,0.990396846,2.165404388,2.165404108,1.401940921,3.609477278,2.50393463,2.388950443,1.585245791,1.596904814,2.340396588,2.744392701,2.243574905,2.264030868,0.787585315,0.742149616,1.356979904,1.362261138,1.362261106,0.695058821,2.247497647,2.247498657,1.92880656,1.382323912,1.431209354,2.210213743,1.612928941,1.579033974,3.217732786,3.217733053,1.046963598,1.018050221,0.300124451,0.695562419,1.434656318,0.701128503,1.230466792,0.6704542,1.704637902,1.651368404,1.422870568,2.382289318,2.266733121,1.63701554,2.823074959,3.05034811,0.724731645,0.917452003,1.214181999,1.532840965,0.586229432,1.25196106,1.88665635,1.886657029,1.932488865,1.552571513,1.629954791,1.041076144,2.65913608,1.878589743,2.174129867,3.323171564,1.093971023,0.564779436,0.760859137,0.900674146,1.685784929,1.381529448,1.593509753,1.288151221,2.352496021,1.629316503,1.12121476,2.630911584,2.792920349,1.569757676,2.250265958,2.585776851,2.233634761,0.601397665,0.368613997,0.315161425,1.401542413,1.182062537,1.182062219,0.375072856,2.231693403,2.058719285,0.49440394,2.443320653,1.725376973,1.840002892,1.62658585,1.545050902,1.380452832,1.150340457,0.885009551,0.885009848,1.798285779,0.893542938,1.191690972,1.191691558,2.441551992,1.765298163,2.017148252,1.201408022,1.775302726,2.366898166,3.233647581,2.002382861,3.75061259,2.117573912,1.441305141,2.14199601,1.827760791,0.697418023,1.496043881,1.832728459,2.778656711,2.085111084,1.939392827,1.578346836,3.225396551,2.411023161,2.048994577,1.979059867,1.348432608,1.081209433,0.939336373,1.959575678,1.467157977,1.777383803,1.924998779,2.745300612,2.018955926,2.465520322,2.465519892,1.78650111,2.030359646,2.838076532,2.9555886,1.581291418,2.270441302,1.064594368,0.550434878,0.722946319,1.780599495,0.917042534,1.624978814,2.596495301,2.039607948,2.109962717,1.976198567,2.997137249,3.110735156,1.961307389,1.355627043,1.552944024,1.59887535,1.508422559,0.902104853,1.224594702,1.921205562,1.280538969,1.740674431,1.488193649,2.001587832,2.263372027,1.392787328,1.392786913,2.037921321,2.023628637,2.767813545,1.387834784,3.173869119,0.563873154,0.563871458,1.103762247,1.802946761,0.952567978,0.515251189,1.767414351,2.867713727,2.770610738,0.80566882,3.496554731,3.421797146,2.265307463,2.895973681,1.527200185,1.798123057,1.792296361,1.169506058,1.626873203,2.171901394,1.845970979,1.975122847,1.966233916,2.320817862,2.457086706,1.902188177,3.106327387,3.303156853,2.264027369,3.209069729,1.119030134,2.748542299,1.194815753,0.780823009,1.839057009,1.993598624,0.998257922,1.53939806,1.135141595,2.850610728,2.259549275,1.253306284,1.213098781,2.137769326,2.62650522,3.026334907,0.896911194,1.884082028,1.828698993,1.144498237,1.93498836,1.934988707,1.303955912,1.735610358,1.744611684,2.089290859,2.100391899,1.747344367,1.612204604,2.701618817,1.996545976
0.261599918,0.048324817,2.542899987,3.199820471,3.250783264,2.633669239,3.557914151,2.034967218,1.967631485,2.497197852,2.332563048,1.674588861,1.617586518,1.148446896,1.497716491,1.259070907,2.693597962,2.720020837,2.023000181,2.028561059,2.672139967,2.672139683,1.113387657,1.147396338,1.400509039,1.013342783,1.793264372,2.390221192,1.585842872,3.164360975,2.340362191,2.745118099,2.245682882,2.563143014,0.783749503,0.738299145,0.892730121,1.216426542,1.366369572,0.523992769,0.627995888,2.231903294,1.798651006,1.38141825,1.494699979,2.350882592,1.615113809,1.582511228,1.91115297,1.987076645,1.04872791,1.020008883,0.300281951,0.695391627,1.436214783,0.620931399,1.232211866,0.670951225,1.652648713,1.749166196,1.272760269,2.206502484,2.383948172,1.528629831,1.730327165,2.603760304,2.596793537,0.920501338,0.869744192,1.535436941,0.85136861,1.254196678,0.646670826,1.877400966,1.846164292,1.552932922,1.631481366,1.117670581,2.746057194,1.9696881,2.175823748,3.323701632,1.060734636,1.052973025,0.509231393,0.900822846,1.68690936,1.483494591,1.483494395,1.279733983,2.353738955,1.728437585,1.121683365,2.632779336,2.793449651,1.690817514,2.251470369,2.593107412,2.241699396,0.738352688,0.711399653,0.540189948,1.481995107,1.066271244,1.182566703,1.363493141,2.233043881,1.977284903,0.697331448,2.443956521,1.726491068,1.911701685,1.623845864,1.545220457,1.381744413,1.15138508,0.939479385,0.913998798,1.698166611,0.980524118,1.130766041,1.187390772,2.442282711,1.766157315,1.90596779,1.028769107,1.776219983,2.281783126,2.367793018,3.79117488,3.777694245,1.451828864,2.361435093,2.136246287,1.806553595,1.257071592,1.307262126,1.834230336,2.775678612,2.225507808,1.963728934,0.887683583,3.234441036,2.410485507,2.04578199,1.979352731,1.365986841,1.08197294,1.041524104,1.961231291,1.294668155,1.778886287,1.925595621,2.746185925,2.132219812,2.38888021,2.46603439,1.787359407,2.031859192,2.839284471,3.381549546,1.576761865,2.27541379,0.878801529,0.55140877,0.723511709,1.865373536,0.917722305,1.887959426,2.595528101,2.040508423,2.110575566,1.819874101,3.183261431,3.183261467,1.962719177,1.328520238,1.639379627,1.509556517,1.509555849,0.879131207,1.281359319,1.92196359,1.175061146,1.741466924,1.485247229,2.002622013,2.208569054,1.553624314,1.393786733,2.038601593,1.923725548,2.7685213,1.38402585,1.401704193,0.564152857,0.564152173,1.1031536,1.849267236,0.953457629,0.51564813,1.763032344,2.82448311,2.668449385,0.804705163,3.24132842,3.49652483,2.266507151,2.314939352,1.197928718,1.807408105,1.658980719,1.138605784,1.627712815,2.172829249,1.847109816,2.009572325,1.960407302,2.321845719,2.457472314,2.083302886,3.304628755,3.304628731,2.426121824,3.209594984,1.115317767,2.069312418,0.781367627,0.781369375,1.840116769,1.994466741,1.068022184,1.213559632,1.534282854,2.829572369,2.309096739,1.042108934,1.213426748,2.137921893,2.668967257,3.02622876,1.366590424,2.017561127,2.017561151,1.166472795,1.807465737,1.767860999,1.305205352,1.736045826,1.68499233,2.090391783,2.100959193,1.747531576,1.613698157,2.702731191,2.128378402
0.365029071,0.048240406,3.107657755,2.331229887,2.360808275,2.586904415,2.228324908,1.569568413,2.173208315,2.319948804,1.818110963,1.283742937,1.283742268,0.575169368,1.456300165,1.216197095,0.872275781,0.069531454,0.284404875,1.069029674,1.065749248,0.73201887,1.181452436,1.181452812,1.475074628,1.313687242,1.948181145,1.902064628,2.658645168,2.54755175,3.108027248,3.119939699,3.184866564,2.620780795,1.376564844,0.606154555,1.136931081,1.139379975,1.27006544,0.4806166,1.968071869,1.968073115,1.889919953,1.375151815,1.362759082,2.364263148,1.643803535,1.689328487,1.865930898,2.265085104,1.508041432,0.724535695,0.433810709,0.94434842,1.357758758,0.886724473,1.45041952,1.486987118,1.682366853,1.682366849,1.129431857,2.123454706,2.070171939,1.56862677,1.446774331,2.610218991,1.581191337,0.549475515,0.975525669,1.201756111,0.585485994,1.176896763,1.657912219,1.657912539,1.907251544,1.562192951,1.512238773,1.031255819,2.669122701,1.897263833,2.858639602,2.602925872,1.913082613,0.721685145,0.671056468,1.336344244,1.747090651,1.408169766,2.09845721,0.961333253,2.33959074,1.643404816,1.092237559,2.678178718,2.58088254,1.826475917,1.953224288,1.639967793,1.433607615,0.723935143,0.203938709,0.394557089,1.54920863,1.208495273,1.208495488,1.043799559,2.249603535,2.024763186,0.511918532,2.480771747,1.791384103,1.854492015,1.453174406,1.363696993,1.590311776,0.830251304,0.830387491,0.830386706,1.39762059,0.772348151,0.751906995,1.444075106,2.083299698,1.516354239,1.605417478,0.884757112,1.389704879,1.976980147,1.976980415,1.905634456,2.033229071,1.443773659,1.91861176,1.695974885,1.782363751,0.843276287,1.251533523,2.695615697,2.712348108,2.209524653,1.859868608,1.221989911,3.203001224,2.340712891,1.697498559,2.566389905,1.535041023,1.535041428,1.985547322,2.029960781,1.511729704,1.929801579,1.929801963,2.635983114,2.09043279,2.344256154,2.344255985,2.472151208,2.140961207,2.725730801,2.725730624,1.537351513,1.11303817,1.056803435,0.638688813,0.770414275,1.810194319,0.847892916,1.676383354,2.728545008,2.184251072,2.160051137,1.836246655,3.235199997,3.235200086,1.999219234,1.331878579,1.418515215,1.364109193,1.364108912,0.564358789,0.66810048,1.44632607,0.726183703,1.290024097,1.147370584,1.58088517,1.703824689,1.163816065,0.685197162,1.605912351,1.502826818,3.054736927,1.350704657,1.337472534,0.900858364,1.03825946,0.82618305,2.003368593,0.942050084,0.518525061,1.420599901,2.975934787,2.738221716,0.78693441,3.30280396,3.467548941,2.323918473,2.792244509,1.399611256,2.012419298,1.584773896,1.007271207,2.042562166,1.747453962,2.069816421,2.847828702,2.791071313,1.888460658,2.113521964,2.399017935,3.171065562,3.084626068,2.402886914,2.659950368,1.077686381,2.259755399,1.212337948,0.90968179,2.076782373,2.07678275,1.018813397,1.299378618,1.299378898,2.902905227,2.366638621,1.29216712,1.280947512,2.216870896,2.636655115,2.705956243,1.657518802,1.981761231,1.737247881,0.996635429,1.559486378,1.559486245,1.002555994,1.370421561,1.577774727,1.790458565,1.707363795,1.16483346,1.164833218,2.188518018,1.701752292
0.467324839,2.430035059,2.035629661,2.035629502,2.846736382,3.581850928,2.26911693,1.896165418,1.971932806,2.329018444,2.040173835,1.677313115,1.619484491,1.15048989,1.499030039,1.260118517,2.695892287,2.721520354,2.02572684,2.031207333,0.967572796,0.992917556,1.116766953,2.167432467,1.402938787,1.016137971,2.506364706,1.664676354,1.587791549,3.166896488,2.973925906,2.746732491,2.245733151,2.568226764,2.280014807,0.895487119,1.355007788,1.3664769,1.366476684,0.526596371,0.628870429,2.235998625,1.931900205,1.382275398,1.497543131,2.211005958,1.614781401,1.66073265,3.220108457,3.220108406,1.048294553,1.019486236,0.300051572,0.696476934,1.435657834,0.620578572,1.358301651,1.055241678,1.652086096,1.6520857,1.423306366,2.383409832,2.383410078,1.528406351,2.820823969,3.065271084,2.602959303,0.710420091,1.214676729,1.534970765,0.851496955,1.030523134,0.647613348,1.879342934,1.845103511,1.553405417,1.631329426,1.119747725,2.660125876,1.968387271,2.175614408,3.319671789,1.060137248,1.052300963,0.509200284,0.811254336,1.686497043,1.483115406,1.58745983,1.280237106,2.353318805,1.72725143,1.12077277,2.632492317,2.793759956,1.570880135,2.742756242,1.660052552,2.245345866,0.738717657,0.715531922,0.544335285,1.401324259,1.182118731,1.511736509,1.368301151,2.232508714,2.058039849,0.494451801,2.442890531,1.725659213,1.911430699,1.377653426,1.544980567,1.201233106,1.151306854,0.938670558,0.913305897,1.798412309,0.894099285,1.130201883,1.187292733,2.489696008,1.765691605,2.017937553,1.029112235,1.775205694,2.368046068,2.368046398,2.002194777,2.196272985,2.124948671,1.447253298,1.366080042,1.808553706,1.269243038,1.310349558,2.656314318,2.656313857,2.084119467,1.942013332,1.579315912,3.226638102,2.624967686,2.051531451,1.981053876,1.367274994,1.349603854,0.939828872,2.095561128,1.467909915,1.925673188,1.992647051,2.620828319,2.131545535,2.388789255,2.327541474,1.786980736,2.213927928,2.839241026,2.956465035,1.57992402,2.278136565,0.879660508,0.820908106,0.759357055,1.86517167,0.822298075,1.62488741,2.654172551,2.109060974,2.182882448,1.976237233,2.997039438,3.182577341,1.961532653,1.328431363,1.554347784,1.508971664,1.508971163,0.879347514,1.225808554,1.788618808,1.175124076,1.741486115,1.48522312,2.002064667,2.208408231,1.553175237,1.394294792,1.923324147,1.923323828,2.768369261,3.243149723,3.186079652,0.56478448,0.564784785,0.454321212,1.803247675,0.924129579,0.515464281,1.762442145,2.825417461,2.770034938,0.80437404,3.242061938,3.422681638,2.265182948,2.896412463,1.199928241,1.798747795,1.792783939,1.170146112,1.70807169,1.976530794,1.848049338,2.009477635,1.960209927,2.211077925,2.457372723,1.904320003,3.108267511,3.304067928,2.426215208,3.53042421,1.117790489,2.75403133,0.781451786,1.006019281,1.994139119,1.994139136,0.998982109,1.53766677,1.537667049,2.829578697,2.259134611,1.252705516,1.213456826,2.137723647,2.66904506,2.669045777,0.896829891,1.884423164,2.017041639,1.166918888,1.935050727,1.767462327,1.305042728,1.735899907,1.74206399,2.089233204,2.10031612,1.613475851,1.613475177,2.871672149,1.996852702
0.360992791,0.048380816,2.539429662,2.039723222,3.254177618,2.631460729,3.582093628,2.037734342,2.361284538,2.501281577,2.333868645,1.67787463,1.618928736,1.148725541,1.370009939,1.258488951,1.021683832,2.715876597,2.116843952,2.033373981,2.683282528,0.994964677,2.168100578,1.151637596,3.694714071,1.018688085,1.796669307,1.664865863,1.588131566,3.169908035,2.342421397,2.745248035,3.295786766,2.549809014,0.789277019,0.74389809,0.896467725,1.367286206,1.100989645,0.698570069,0.629487241,2.234753731,1.932554935,1.432982924,1.432983148,2.351388005,1.614428749,1.580118392,3.229178833,3.229179188,1.082461273,0.428593241,0.707306131,0.69790244,1.436162097,0.701429199,1.232039861,0.669973385,1.704171164,1.651813147,1.272885087,2.383223638,2.383223359,1.527947979,1.729590645,2.602253757,2.606173111,0.924337961,0.873194893,1.535457761,0.586401653,1.030413624,0.648135895,0.818395705,1.935742556,1.55337416,1.632062932,1.118945737,2.745852688,1.968102925,2.176119055,2.034272886,1.060427337,1.052570123,0.509105114,0.902638451,1.686072517,1.483468003,1.588879019,1.006182938,2.353670498,1.727521565,1.121039172,2.632948613,2.793601222,1.571018377,2.251644013,1.658883845,2.245139469,0.602699254,0.713839212,0.317055762,1.481739127,1.182120238,1.182120145,0.377265696,2.212821878,1.975863318,0.494198402,2.641230182,1.725300534,1.841442024,1.623684345,1.5423089,1.200830199,1.150814568,0.938631041,0.886628938,1.79837193,0.894825942,1.188357965,1.106549899,2.489281135,1.765596519,1.906664947,1.201240338,1.7748157,2.282382038,2.368196892,3.817912404,3.804504738,2.114814656,1.440527324,2.134412325,1.805817728,1.265787209,1.49595741,1.831100451,2.776656337,2.08302211,1.961371527,0.889453337,3.225994293,2.622269429,2.047463515,1.966680283,1.368333193,1.348973855,1.042698725,1.961028947,1.467647798,1.779700482,1.92550983,2.745862682,2.019909635,2.466240533,2.466240387,1.56306726,2.214230732,2.840004967,2.956934288,2.434292872,2.278298996,0.87886518,0.551828705,0.759124666,1.781387135,0.917393419,1.62561843,2.595607165,2.04038412,2.109224166,1.977232263,3.183281995,3.183282355,1.961557577,1.327748313,1.551579282,1.602247579,1.370159154,0.879482361,1.226060879,1.92118875,1.175906578,1.741385963,1.486689805,1.95675082,2.208719613,1.553586599,1.394799345,2.038192611,1.923932043,3.057108512,1.387953317,3.185293097,0.564341894,0.564341591,1.104474893,1.850235828,0.95288588,1.762926192,1.762926484,2.82592307,2.770369004,0.774185514,3.498440875,3.498440547,2.342730848,2.89610795,1.199502517,1.807724095,1.793550432,1.170600038,1.628914896,2.172782409,1.848994282,2.01003187,1.967444606,2.32164628,2.557969295,2.083885418,3.304545137,3.118002723,2.265994473,3.210236262,2.300953495,2.75415309,1.196285234,1.006449739,1.840796269,1.994161153,1.068050885,1.213810724,1.537932738,2.829772388,2.258364846,1.252795088,1.042839051,2.12521343,2.628329615,2.669571597,1.369121128,2.018032112,2.018032061,1.167549859,1.807405091,1.944947532,1.305950744,1.736232903,1.743466748,2.010128308,2.101012575,1.747391201,1.614046701,2.871918348,2.127820245
0.261632103,0.051885085,2.546323025,3.204790786,3.253731316,2.634371428,3.552694873,1.887939729,1.968803372,2.48174478,2.035665559,1.61785852,1.617857617,0.876737903,1.373392179,1.260107991,1.021120976,2.725152316,2.103229499,0.979337684,0.967585177,0.98946613,1.114773908,2.174384281,1.406072851,3.600883721,1.799565484,2.40443396,1.589312378,1.596314923,2.342523047,2.050075689,3.327532108,2.589063541,0.768580703,0.723071346,0.890708005,1.212465638,1.37157424,0.52329357,0.629452509,2.213164533,1.936377999,1.382363193,1.491079358,2.354324092,1.619289023,1.665421833,3.208385767,3.208385813,1.077267561,0.43349277,0.70241136,0.696659621,1.544863812,0.707830938,1.237035851,0.677740164,1.711758799,1.660371937,1.275593904,2.388205086,2.272099863,1.642998713,1.731365694,2.60463555,2.592948403,0.691569605,0.868129807,1.2464439,0.587005492,1.034316019,0.649160197,1.861605773,1.94347048,1.634166614,1.634166046,1.043435073,2.750152039,1.889307705,2.176160301,3.333191611,1.09560993,0.56891331,0.513755703,0.816290608,1.692328948,1.48715621,1.579239459,1.266864917,2.302633283,1.637568357,1.125538986,2.797404293,2.677900275,1.577262375,2.743391249,2.591558676,2.23997338,0.601977672,0.369826264,0.530817441,1.408318398,1.071624579,1.495476722,0.381037119,2.220389178,1.985413806,0.497472634,2.646134851,1.705983872,1.842339516,1.625020599,1.550100149,1.203536214,1.15434144,0.943961886,0.889256156,1.701484359,0.897942609,1.133921059,1.111745322,2.494151734,1.772234177,1.907687421,1.032893721,1.781366366,2.281508196,2.368633727,1.987633485,3.777753353,2.085217147,2.358168099,1.352637632,1.81033321,1.251223934,1.496854362,1.840128936,2.660025584,2.23195036,1.966532177,0.88530324,3.229774305,2.612886788,2.326997296,1.983519487,1.363406033,1.08390898,1.040642608,1.964978616,1.294894787,1.779117643,1.987117121,2.620108775,2.136907399,2.390651376,2.327558999,1.564391569,2.218818175,2.955737607,2.955737649,2.43090608,1.132984161,1.06726514,0.556965154,0.729047061,1.786463933,0.829236291,1.877742295,2.592482831,2.048463861,2.119034876,1.979544301,3.186863595,3.186863643,1.97006846,1.329359416,1.5559397,1.598152342,1.511419201,0.902962343,1.227161614,1.925707128,1.175430521,1.7020561,1.477148731,1.961681987,2.209829587,1.556021183,1.395466776,1.926349809,2.026840025,2.767609464,1.382752377,1.40043201,0.993262819,0.565627563,1.096215226,1.855034271,0.959224571,1.754926127,0.422539512,2.874666958,2.776584199,0.781000608,3.499267284,3.499267221,2.274584991,2.313806361,1.19720397,1.794523936,1.659345516,1.170063402,1.707942839,1.973504622,1.844193649,1.964893607,1.951642747,2.323587885,2.455573322,2.08254692,3.106125013,3.304641989,2.263225927,3.206850562,2.298399211,2.751791308,1.20183477,1.001662269,1.999683994,1.932626903,1.004477474,1.217704591,1.521340456,2.833725994,2.267904596,1.258978202,1.047127516,2.132758851,2.627424425,2.668790454,0.893842168,2.018957079,2.018956749,1.144050138,1.808735508,1.766049946,1.301162078,1.735740857,1.733061672,2.091573109,2.098842911,1.610805276,1.780069573,2.872786934,1.995941459
0.265136514,0.04956442,2.541945578,3.201231089,3.252027875,2.631836707,3.563579452,1.890107681,1.970430932,2.502239256,2.333546678,1.617884671,1.617883372,1.147421849,1.371187764,1.260100808,2.692953065,2.215557556,2.023994703,0.978999059,0.966809571,2.677733915,1.115730407,2.167788524,3.68686095,3.614146493,1.797039976,1.666154862,1.587969796,1.597923834,2.342451982,2.048109823,2.245214298,2.558629156,2.279560337,0.893878908,0.89346884,1.368340905,1.368340887,0.524201682,0.628124148,2.232998626,1.799833458,1.383285041,1.497012317,2.211892081,1.615471803,1.662383177,1.911312919,1.988372519,1.047344293,0.430414128,0.301963202,0.696708772,1.540940216,0.703832184,1.234172026,1.057581309,1.706635247,1.654307882,1.27471835,2.208471616,2.270053297,1.639538491,1.731218862,3.064708931,2.602134506,0.70549528,1.209975013,1.537746993,0.585074702,1.255411259,0.647050489,1.8800842,1.937353125,1.633100056,1.633099487,1.117762038,2.661794282,1.970230425,2.176970649,2.033888573,1.059627442,1.0520054,0.511291747,0.902813318,1.68894043,1.38544514,1.485576498,1.283907302,2.355660251,1.730403108,1.123567236,2.634501919,2.795681803,1.573318225,2.743324419,1.658969202,2.244128,0.737928544,0.369138589,0.316000085,1.484269239,1.068528661,1.184929672,0.377220826,2.216074588,1.978762745,0.494165587,2.44604273,1.728099938,1.913047736,1.37810432,1.54290282,1.383899681,1.151241626,0.887431522,0.887431119,1.7002655,0.982568162,1.191548942,1.108911141,2.491526952,1.76803704,2.019773281,1.204122324,1.683825841,2.283397862,2.369253973,1.999533653,3.790925652,1.453536176,1.437831637,1.359438801,1.808442726,1.261049608,1.496795912,1.833704881,2.778706339,2.226628656,1.967129327,1.573862326,3.228396991,2.621567918,2.046295344,1.343401001,1.369294789,1.34979538,0.941996915,1.962851738,1.469467961,1.781525232,1.927619494,2.748026602,2.134117297,2.390532405,2.32895845,1.564546417,2.21643461,2.957365401,2.957365692,2.433484169,2.277316353,0.879721714,0.817117307,0.757956247,1.86750756,0.824333519,1.891759637,2.598518775,2.042643655,2.186054686,1.978456791,3.184927223,3.184927312,1.964036887,1.354415004,1.641380298,1.509192026,1.50919133,0.880324819,1.226639388,1.923124737,1.176698632,1.743103006,1.457335017,2.004188283,2.209660803,1.555034245,1.567485986,2.039975179,2.025587592,2.769199949,1.386390027,1.400787531,0.56327112,1.319795335,1.102213793,1.851672802,0.924890417,1.763920616,1.763921149,2.827020426,2.772334926,0.775131766,3.498978902,3.498978868,2.266835427,2.317829566,1.529876577,1.800538142,1.659333154,1.139330471,1.628204618,2.173519904,1.848967732,1.975808049,1.967472268,2.322389762,2.45822974,2.08390237,3.304826588,3.304826659,2.427023783,3.209624684,1.118008077,2.068232326,1.195963331,0.782499173,1.99604929,1.996050179,1.000757406,1.539510813,1.53951176,2.831590596,2.311061935,1.25558677,1.044210801,2.140252116,2.628779278,2.67026997,0.895518964,1.885961244,2.016931134,1.144629024,1.93624964,1.936249942,1.427915062,1.736497904,1.744037781,2.090246531,2.100771138,1.613247944,1.613247545,2.703291844,1.997825256
0.262309382,0.04789614,2.555287126,3.205461816,2.861777427,2.64952055,3.541210451,2.039911762,1.971010598,2.329506581,2.333769531,1.617521094,1.617520114,1.148025415,1.368054106,1.06615623,2.70563178,2.734395898,2.017651715,2.02328348,2.662383654,0.980178251,2.176185237,2.176185477,3.651300374,3.577344136,1.789037481,2.401826575,3.136042199,1.589566793,2.981180551,2.755275439,3.332599109,2.595959067,0.769820348,0.724316411,0.892846513,1.367363362,1.367363275,0.525733009,2.204772448,2.204773363,1.932754237,1.43246842,1.487991956,2.206999017,1.585767524,1.660892361,3.20286058,3.20286069,1.048778948,1.0203518,0.300595018,0.693887586,1.538608171,0.70061471,1.230197024,1.02635965,1.704332787,1.655468376,1.422366244,2.205597311,2.383006909,1.636064754,2.827837983,2.608371036,2.588022507,0.691498431,0.869621334,1.535998713,0.59005852,1.028677313,0.648685137,1.860885843,1.851412603,1.631006098,1.631004705,1.042273868,2.745614225,1.967532675,3.650187545,3.325094815,1.087702764,1.053423416,0.757840047,0.90050225,1.686825225,1.378530585,1.481138135,1.005498061,2.352824595,1.631336072,0.914368536,2.631087915,2.793214186,1.568940353,2.249327651,1.655986437,2.233900662,0.73740315,0.708251224,0.537326233,1.400037129,1.180207214,1.180207248,1.341112258,2.232316254,1.980212573,0.697593075,2.640611974,1.699104146,1.837460518,1.378000757,1.548701251,1.374232106,0.959970319,0.886455898,0.913700616,1.798791454,0.977854094,1.128164901,1.17294519,2.489082598,1.841967503,1.904420752,1.201680671,1.775412248,2.277371089,2.366348996,3.767935988,3.754339846,2.081012567,1.42975231,2.141812076,1.807228226,0.697949352,1.492641387,2.656442962,2.656442307,2.226157883,1.966902986,1.576000303,3.225915821,2.609623948,2.046856851,1.330565616,1.356465998,1.351135848,0.939992845,1.962393834,1.468301232,1.772008894,1.923412731,2.745838186,2.131667967,2.388008255,2.325436847,1.560958113,2.214756067,2.954816668,2.954816594,1.575336978,2.268353773,1.06540203,0.554782307,0.723904628,1.865396637,0.82187968,1.873598736,2.588366041,2.040914117,2.113894097,1.975152158,2.995513411,3.108918872,1.962644335,1.351444864,1.55685394,1.510120718,1.370460045,0.9024741,1.280983945,1.9213222,1.169202105,1.739169206,1.455497027,2.001731518,2.207058238,1.391853446,1.566067748,2.03817384,1.919700653,3.056477062,1.383513218,1.39966045,0.992495464,0.567059691,1.100496335,1.847901989,0.958423673,1.751896222,0.420453485,2.822495901,2.673741159,0.809783837,3.236832644,3.493855028,2.340550601,2.30981097,1.519521847,1.789870045,1.794507319,1.169746548,1.708093657,2.17220142,1.839270386,2.006875699,1.966401077,2.320628652,2.45371412,2.081160322,3.303585553,3.303585278,2.258515501,3.207462739,1.114224123,2.746873296,0.784742817,0.784743297,1.840127739,1.994038594,1.065617833,1.51801599,1.518015804,2.829472643,2.261736401,1.040701896,1.040701553,2.124494681,2.623037387,2.665677936,1.358399471,1.876589988,2.020001516,1.144837899,1.807491297,1.93515846,1.299121964,1.719585055,1.684265455,2.007517862,2.177073013,1.745069453,1.610855265,2.696011348,1.991303918
0.36682448,2.42976665,2.543720006,2.032590011,3.254841947,2.631870005,3.551687629,1.887238928,2.338167412,2.478051233,2.33546915,1.618502398,1.618501462,0.876591775,1.499049195,1.259462407,2.695035721,2.720789807,2.023424183,2.029096721,0.96516329,2.674479279,1.113609107,2.174018254,1.404470538,3.602809068,2.516028488,2.400240509,3.144696027,1.595079548,2.342776987,2.75415047,2.24513121,2.571649404,2.271530904,0.726804559,1.335395661,1.212300314,1.371345209,0.522102,0.628472204,2.211377818,1.935876238,1.382273804,1.434951562,2.354438675,1.618775072,1.58780115,1.911588012,3.212146767,1.07661649,0.433401138,0.305566272,0.69640452,1.544835491,0.706909572,1.236600964,1.036141897,1.710549419,1.659318243,1.274855112,2.209715161,2.387945421,1.534170396,2.822594836,2.601876812,2.595081345,0.918465719,1.195710374,1.246068499,0.585398107,1.032845208,1.863503213,1.863503579,1.941298225,1.555392454,1.545148891,1.043479372,2.748839664,1.973051957,2.176068698,2.030366403,1.063005377,1.055779816,0.512741756,0.90261828,1.691635163,1.384513836,1.486694735,1.266583714,2.357515025,1.732866631,1.124981714,2.635089917,2.677241724,1.57577949,2.252534529,2.590869744,2.239070738,0.601914234,0.701834701,0.31635854,1.48733435,1.18611842,1.186118939,0.379379624,2.236758703,1.983905396,0.495531937,2.645277149,1.703795215,1.912710168,1.378236915,1.547988614,1.202714185,1.153381433,0.888807389,0.88880708,1.803144783,0.896676959,1.177338125,1.177337698,2.493754055,1.847738359,2.020131998,1.032215136,1.780455031,2.368963851,2.368963893,1.981571509,3.783724934,1.443414515,1.427963873,2.129134028,1.808814104,0.691981743,1.49451322,1.838842588,2.659118867,2.091366029,1.937260656,1.567783772,3.228483817,2.609705585,2.326739609,1.984305682,1.352110155,1.352108905,0.942487814,2.09931621,1.294488213,1.927895995,1.927896454,2.619389631,2.024804839,2.468002576,2.327533368,1.563856052,2.034127451,2.838511208,2.957158093,2.429621512,2.272479306,1.065776855,0.554413287,0.753339606,1.784676935,0.826292594,1.628014634,2.657875783,2.046138689,2.117427904,1.979071869,2.999198629,3.185939527,1.967921535,1.328743336,1.636317734,1.511271975,1.371809533,0.903198932,1.227573538,1.925178085,1.175145625,1.701402878,1.458690643,1.961484997,2.265188235,1.55596204,1.39532992,1.92633609,1.926335974,2.769115181,1.381024503,3.184777706,0.564265944,0.564267718,1.095925089,1.852560324,0.956394101,0.518058198,1.753542999,2.826365888,2.774227569,0.777841698,3.240851718,3.497388919,2.2717654,2.896508318,1.523739109,1.793647162,1.794410852,1.170953809,1.627779403,1.97420839,1.844998068,2.009619755,1.952956154,2.213102415,2.45713942,2.083626723,3.106598472,3.115625344,2.264850479,3.209089261,2.296675716,2.750485395,0.784866308,0.78486795,1.843210089,1.99767154,1.002031347,1.520886329,1.520886138,2.832351519,2.266166969,1.257356943,1.216959926,2.1310372,2.627444093,2.668928196,0.893333716,1.880138522,2.01918295,1.145195078,1.809528781,1.937876709,1.303182423,1.721060752,1.734377773,2.092355694,2.179591797,1.747742407,1.781442221,2.701769313,1.997396536
0.442284647,2.430582439,2.039475815,2.039475916,2.833775232,2.625171012,2.261562547,1.885500619,1.965539632,2.325963175,2.331755173,1.671602514,1.659587192,0.876798572,1.371034003,1.070509705,1.019923121,2.723937162,2.108356611,2.031118059,2.679659655,0.992338879,2.172033234,2.172032767,1.405170699,1.015223417,1.797447898,2.397434858,1.587674092,3.169606371,2.342837144,2.049970163,3.311458101,2.569562246,0.779040452,0.733586513,0.893770023,1.369970618,1.10175317,0.700432711,0.629120889,0.799129912,1.800382813,1.380787636,1.43299434,2.209869236,1.619134948,1.586344471,3.217175412,3.217175566,1.078166622,1.020350603,0.703952673,0.69692956,1.542308652,0.625081233,1.234637614,1.049330165,1.709156066,1.656204096,1.424784027,2.385394804,2.269119384,1.641091087,1.72966168,2.602842147,0.715162171,0.700735108,1.200523894,1.24596661,0.586738932,1.032159233,0.649502378,0.815713969,1.941295847,1.553568381,1.543684879,1.04448065,2.747749865,1.973562142,2.175210769,2.031869636,1.096636233,0.566385955,0.759286608,0.81321719,1.689155103,1.3836025,1.484692127,1.276161832,2.355184022,1.731264293,1.123560499,2.63246289,2.675451017,1.692927516,2.250719755,1.657492745,2.240911784,0.737245005,0.370496754,0.535141575,1.485571234,1.068855027,1.508548301,0.3803041,2.235073846,2.06387505,0.701623358,2.444297291,1.730670847,1.841040881,1.62368837,1.545392222,1.381511682,0.960142402,0.94057822,0.886543015,1.800762677,0.895960036,1.131654776,1.185040569,2.491215873,1.845934664,2.017857036,1.029942023,1.684001421,2.281071465,3.220184773,1.977740261,3.778479098,1.439462505,1.424102293,2.12862956,1.804949395,1.245963669,1.306478907,1.835018064,2.655551104,2.231941877,1.960937548,1.566702303,3.225664495,2.405787279,2.037549176,1.981435037,1.35033559,1.350335005,0.940430454,1.961912835,1.468700342,1.778500959,1.991114552,2.620561527,2.133981976,2.465873137,2.32603539,1.562154575,2.21626982,2.955548403,2.955548543,2.431650305,1.131757877,1.06538476,0.812516879,0.754394043,1.783819428,0.826527354,1.887012707,2.595529257,2.045051526,2.187960294,1.97740123,2.997936353,3.112707207,1.967237348,1.328443103,1.554228291,1.5990117,1.509407713,0.879389547,1.225417595,1.922406399,1.281727166,1.741968317,1.482743345,2.00423231,2.208592647,1.554192794,1.567310913,2.040410294,2.025238827,3.055298845,1.384450743,1.401335963,0.994221165,0.564895258,1.097907506,1.851974053,0.956134256,0.519542403,0.421335081,2.825847287,2.672721078,0.806822838,3.496923335,3.496923397,2.270706422,2.895019016,1.197005682,1.806647017,1.658256114,1.168844133,1.626254249,2.172002146,1.84541623,2.008171086,1.966027926,2.32201235,2.555646364,2.082235252,3.105965317,3.115179043,2.264247819,3.207631176,1.116114613,2.069363621,1.197941357,0.783705208,1.841530513,1.996084661,1.070694969,1.215474668,1.532723054,2.852334169,2.312081649,1.256287094,1.044250647,2.14096878,2.627021859,3.025189002,1.365610513,1.883134238,2.017361897,1.143884413,1.807459842,1.935878037,1.303365056,1.725631818,1.739593733,2.090685637,2.099356632,1.611423295,1.779957862,2.871542976,1.997118099
0.365680883,0.051127177,2.015508884,2.015508271,3.251624664,2.632137679,3.549163836,1.88921586,1.969097601,2.32871499,2.334500765,1.66771308,1.616107212,1.14349383,1.49605187,1.069443986,1.018704583,2.728670601,2.018445708,2.024148742,0.962405786,2.667026624,1.10890082,2.175074059,3.658813401,3.584416868,1.791988667,1.66508235,1.582923839,3.161619939,2.981868005,2.046120243,2.240381307,2.604912997,2.267666493,0.717451709,1.323048914,1.2036421,1.369956816,0.700506829,2.197060114,0.794005645,1.934349246,1.378938316,1.43227903,2.207207958,1.620524834,1.665668391,1.911126521,3.196668008,1.04809328,0.433158297,0.305142032,0.693664869,1.436861537,0.706014488,1.234167669,1.030974136,1.70940503,1.752477544,1.424363802,2.207984295,2.385538088,1.532476685,1.729039632,3.05394372,0.700069084,0.685746801,1.18957706,1.242343082,0.589567926,1.030335273,0.648504858,1.853906024,1.856166134,1.63146803,1.631467502,1.043663761,2.748286017,1.888006807,2.173684486,3.336686409,1.089952066,1.053022536,0.756431918,0.899857554,1.689663154,1.381052738,1.574990931,1.26238632,2.298896836,1.730958995,1.122970585,2.794953528,2.673367613,1.692450145,2.743110922,2.589483133,2.237800988,0.603064662,0.369944859,0.531079391,1.485829909,1.183862928,1.183862481,1.336281045,2.235838197,1.984002847,0.701746504,2.643865476,1.731055891,1.909634433,1.378211429,1.550371225,1.376802772,1.152404987,0.941511851,0.886902879,1.801267355,0.981307573,1.131029761,1.109373401,2.442584242,1.845759106,2.017903541,1.029763979,1.778685529,2.277485429,2.366580465,1.973467142,3.763415347,2.064008317,2.347867129,1.337709304,1.801900507,1.240347453,1.302772791,2.65408678,2.7695815,2.093161658,1.958165297,1.560652143,3.224959556,2.599863975,2.327034979,1.985718973,1.35890057,1.35033264,0.94150445,1.962838763,1.469732959,1.774312621,1.925281415,2.617019092,2.134526361,2.465909706,2.465909366,1.788916688,2.216580157,2.834373652,3.380998545,1.573223447,2.271425984,1.065374637,0.80942893,0.752497826,1.781865611,0.826423494,1.871805742,2.656863026,2.11717977,2.117179582,1.976619992,2.997930731,3.18428225,1.966633901,1.32884538,1.556610647,1.594379072,1.509924281,0.901708989,1.225749314,1.923345023,1.171323373,1.741025753,1.457201801,1.958420354,2.207174379,1.553743983,1.567611249,1.921877704,1.921877395,2.766847671,1.382909672,3.185423885,0.566384258,1.312899246,1.095711381,1.850891588,0.929595237,0.520890169,1.751372725,2.82452738,2.774225891,0.781098895,3.494485482,3.494485363,2.272335329,2.308658442,1.195355659,1.791644105,1.793275038,1.135849914,1.707463922,1.968919453,2.007198775,1.963068938,1.95051488,2.208366257,2.452374185,1.900032918,3.104069821,3.30322171,2.258992409,3.52889166,1.113821758,2.069725574,1.199150723,0.78561117,1.996840811,1.927346276,1.00073067,1.214155985,1.515214776,2.830946769,2.265425302,1.255821818,1.216436322,2.141088043,2.623583618,2.665693903,0.893298496,1.878194341,2.018320244,1.164126456,1.807674828,1.936233923,1.426213526,1.734493048,1.732741608,2.008482095,2.096482394,1.745486946,1.610650667,2.871925028,2.12752731
0.36613065,0.054269337,2.031820237,2.031819882,3.25293054,2.630985462,2.264731357,2.035496887,1.96848536,2.328073603,2.33306592,1.617411143,1.659943841,1.146100353,1.37010399,1.25955104,1.019419606,2.717402838,2.022255646,2.027867854,0.964750016,0.989838349,1.114906637,2.170804624,1.402568214,3.614660142,2.508407079,2.394606792,1.585623117,3.165681957,2.340557755,2.749410603,2.243517217,2.567473757,0.776132359,0.730632837,0.891598521,1.214214216,1.100636955,0.523545448,0.626746094,2.223905353,1.798554804,1.380072338,1.492844571,2.351608833,1.617463006,1.66303334,1.911040365,3.216674345,1.077953842,1.018701265,0.701897065,0.69429152,1.540887923,0.62299597,1.354378395,1.048965261,1.708192572,1.751917692,1.272628853,2.207100258,2.384751454,1.640586765,1.729786494,2.604275911,2.598142421,0.699576113,1.204096707,1.246813217,0.851523909,1.030496461,0.646836967,1.870746084,1.939653743,1.552195253,1.543842223,1.11664747,2.659959415,1.882658494,2.174673326,3.324864778,1.095086826,0.565863263,0.510112281,0.899590291,1.569427338,1.484268112,1.484268536,1.276058892,2.354355543,1.631816934,0.91618861,2.632746835,2.794164847,1.572340234,2.251093188,2.592733703,2.241198258,0.736643477,0.708290703,0.537254123,1.483839631,1.066321737,1.183705694,0.378071836,2.233763128,2.062286736,0.699807112,2.44433535,1.701245406,1.839516361,1.377868956,1.544629952,1.200299138,1.150580133,0.885395836,0.885395542,1.800410785,0.981673467,1.131568047,1.184344841,2.490648051,1.767445666,2.017825169,1.029575205,1.777881462,2.280190709,2.367616402,3.798584265,3.785108438,1.443228038,1.427772062,2.129030339,1.818876299,1.252003036,1.491089682,1.834114738,2.773109349,2.086959641,1.933845691,1.564590477,3.232582224,2.611913618,2.3232148,1.337823768,1.363699595,1.081859767,0.940099874,2.096353299,1.468490459,1.92559272,1.990818499,2.62041326,2.020691402,2.465773264,2.465772799,1.562610677,2.031386583,2.83739675,2.95614396,1.576887747,2.274140931,0.879772273,0.814613498,0.724359629,1.782178468,0.824349888,1.884014048,2.654860982,2.043424886,2.112820462,1.819506497,2.997573598,3.110744235,1.964450883,1.352762442,1.55291354,1.598936032,1.508423113,0.901369816,1.224983562,1.92272239,1.281856073,1.741772954,1.456659031,2.004374387,2.263534613,1.55414015,1.394563714,2.040442009,2.025395203,3.055283984,1.384260894,3.186283092,0.992336506,0.563930659,1.101404421,1.850846161,0.955970723,0.518059727,1.759967333,2.825172515,2.671949128,0.776929035,3.241159955,3.496480449,2.346030112,2.313876726,1.197012769,1.806455333,1.659099279,1.170077503,1.626509162,1.974791392,1.84580121,2.009395216,1.958180912,2.21102381,2.455727612,2.083177349,3.304325563,3.30432537,2.264184712,3.529494484,1.115991533,2.751562392,1.195419815,0.78188691,1.994822006,1.994822322,0.999993695,1.214392938,1.530468097,2.829622765,2.310693279,1.042844272,1.042843586,2.127154781,2.625904105,2.668241433,0.89502992,2.017217781,2.017217911,1.16511732,1.936877228,1.936877195,1.304204737,1.736569452,1.74034925,2.091803438,2.17899626,1.747687687,1.613801297,2.872717742,2.128881177
0.36346295,0.050357794,2.55442907,2.015920339,3.253024936,3.564389337,2.275375899,1.901736808,1.972902726,2.458307661,2.331915532,1.65847753,1.611303063,1.14359457,1.364042805,1.25562702,1.013528833,2.736838118,2.020072245,2.025797858,2.666652242,2.666651989,2.177690753,2.177690632,3.649045615,3.574640684,2.521353885,1.660941337,1.578335621,3.162839011,2.332123654,2.761588128,3.341012626,2.605710044,2.258210095,0.704251242,0.889209872,1.196179714,1.367853582,0.521889843,2.173562562,2.173563533,1.799332277,1.375532187,1.431779936,2.203305437,1.593779064,1.666221073,1.912118648,1.980482477,1.066801164,0.431106318,0.301968851,0.689279458,1.539477292,0.702162784,1.335053964,1.023223169,1.705681644,1.656281945,1.26943359,2.204030206,2.265532433,1.530967773,1.726469012,2.602559048,2.578936864,0.9174305,1.195083279,1.536845109,0.852745587,1.254714773,0.650380134,1.841688409,1.942576577,1.55290528,1.631581767,1.117426815,2.747363726,1.89238734,3.683484839,2.024393165,1.082271842,0.56515872,0.508934098,0.811876508,1.687360063,1.377186547,1.48061447,1.257623085,2.352615995,1.631390869,1.119035989,2.792820183,2.79282021,1.57014074,2.741010903,1.648163617,2.23308418,0.735613742,0.372641492,0.317333707,1.481540855,1.180336021,1.475631106,1.323016577,2.231964392,1.982934979,0.700611736,2.438891055,1.726367547,1.83650214,1.378085231,1.370303473,1.370302693,0.9591749,0.938182421,0.91312387,1.79852228,0.888946246,1.170162708,1.105905736,2.488314048,1.765578544,2.015258971,1.023963607,1.77553085,2.275641268,3.211780518,1.959066106,3.731133711,2.035169322,2.363161372,2.138097446,1.79756346,1.223339108,1.300773958,1.846737709,2.762084315,2.096006785,1.955250848,0.873945048,3.22042093,2.589069149,2.335489744,2.000575077,1.352426705,1.351772428,0.938954955,1.958527908,1.468226028,1.770497595,1.981818335,2.615956522,2.131120101,2.464017162,2.323357413,1.558749465,2.214544931,2.832925379,3.380015088,1.568728149,1.131470281,0.885270193,0.818659955,0.724554737,1.864863517,0.826309751,1.623216703,2.584100115,2.117427023,2.184058792,1.97436612,2.993535445,3.181171936,1.966058263,1.330119725,1.560187512,1.58939987,1.510677852,0.900033475,1.222747005,1.921023055,1.168248073,1.69594216,1.471616875,1.955937633,2.205877476,1.551231063,1.565859366,2.038221923,2.021319753,2.765563959,3.239310176,1.399447414,0.992508536,1.32825555,1.110753421,1.844283786,0.928477744,0.520237971,1.751298329,2.818208384,2.676095486,0.781326718,3.229485018,3.416092531,2.27210328,2.895346525,1.195645295,1.785897723,1.793284812,1.133687953,1.622580668,2.170875709,1.836143335,2.004476002,1.964230124,2.319144392,2.449776297,2.078839418,3.301821978,3.105928053,2.254906198,3.528293007,2.292456455,2.746486276,1.200968351,1.003698913,1.836269832,1.992366605,0.999713329,1.508109991,1.13593738,2.827598634,2.307679481,1.253064777,1.040073383,2.136282814,2.623123251,3.025782,0.893053908,2.01894844,2.018948771,1.143587869,1.934501185,1.934501399,1.298214361,1.73299171,1.730638809,2.006090267,2.17524297,1.743868449,1.608503086,2.870545946,2.125744524
0.263683739,0.06092237,2.024644179,2.024645172,2.858841674,3.572594329,3.572594028,1.899741351,2.351026033,2.490019847,2.341900559,1.677800509,1.624649253,0.88335628,1.376983918,1.266867257,2.712088398,2.739870473,2.094919171,2.02488279,0.963892629,2.664088838,1.111174185,2.169100082,3.65594469,3.581179114,2.517237573,1.669201386,3.13448696,1.594318578,2.341943185,2.755345626,3.343777606,2.264349593,2.264349167,0.890378528,0.890267864,1.21108933,1.102691834,0.701405533,2.226500835,0.79675788,1.935703706,1.381873492,1.434386074,2.354892489,1.589666313,1.666964034,1.911165081,1.985027884,1.050075303,1.02173641,0.30732918,0.695991366,1.440181949,0.626964328,1.353963885,1.046916891,1.711271776,1.659281891,1.426818902,2.208824579,2.387706491,1.643040635,1.730767705,3.050913883,2.586600694,0.917170873,0.867355835,1.247691685,0.852877629,1.258574333,1.875492933,0.813519863,1.942253908,1.556163532,1.633658563,1.043969913,2.749612589,1.888896886,2.175649297,3.339468735,1.093121787,0.568754977,0.513839468,0.901567295,1.692174083,1.385127249,1.487110214,1.275192028,2.301957476,1.636848261,1.125931109,2.797159749,2.79715948,1.576411191,2.251321964,1.66076095,2.236291819,0.602360811,0.37094941,0.535366828,1.488257667,1.070900552,1.504097505,1.354844195,2.23749333,1.985173309,0.70347731,2.446064511,1.732377085,1.841388433,1.629531591,1.379992677,1.379992212,1.154167331,0.888173197,0.888172548,1.700937347,0.897436885,1.134060076,1.183496121,2.493804882,1.771995708,2.01980028,1.207280333,1.78166175,2.368146466,3.226195702,1.985616203,2.149783959,2.078580137,1.419778854,2.133115991,1.806920281,0.689324047,1.311577901,1.8395225,2.658170889,2.234724605,1.933554973,1.56826561,3.227637798,2.606215167,2.331355549,1.987860817,1.363450869,1.083704252,1.04056417,2.099292391,1.47084243,1.778607207,1.927585189,2.621521024,2.136612009,2.389790876,2.46732275,1.790853111,2.033884499,2.955649533,2.955649734,1.578087368,1.133393287,1.067759918,0.813815556,0.756658666,1.786398598,0.830389523,1.629650746,2.594675666,2.119784363,2.119784604,1.979441907,3.186081393,3.186082,2.026655279,1.355450049,1.556796977,1.597591688,1.511208095,0.880789868,1.226101549,1.925460886,1.17539963,1.704791642,1.480613595,2.006670723,2.209740233,1.556053725,1.569282148,1.926475674,1.926475424,2.767709812,1.384820594,3.182213294,0.99442883,0.566546979,0.456046436,1.854257895,0.930196353,0.52197488,1.762406882,2.826846455,2.676447065,0.781769256,3.240083363,3.424440196,2.274165318,2.312465794,1.199542171,1.807272589,1.659005174,1.169453989,1.624854088,2.174015265,1.843711956,1.966896591,1.966372335,2.211331581,2.454854507,2.082179242,3.104250669,3.303901351,2.262842875,3.206584518,1.116792404,2.072068656,0.786907057,0.78690729,1.999156587,1.99915696,1.073641604,1.218092906,1.526571346,2.856328363,2.268855082,1.260142772,1.047488531,2.133779427,2.668442844,3.027534846,0.89515005,1.880981333,1.828327842,1.163105876,1.80743637,1.936973357,1.301425833,1.73557956,1.735026603,2.091480711,2.098321717,1.745688253,1.609772534,2.700198653,1.995790804
0.265880579,0.053684372,2.54630064,2.039218463,2.847359679,2.641294861,3.563235554,1.892570314,1.97235855,2.502874369,2.043127547,1.678418841,1.621511953,1.149667301,1.503413371,1.265365869,1.024354424,2.211469501,2.107941071,2.030610889,2.675155114,2.675154953,1.117945917,2.172710365,3.680881563,3.606764337,1.8009348,1.671895959,1.590294363,3.170552286,2.345205355,2.752126731,3.299627304,2.554743992,0.78234321,0.736980153,0.894473332,1.216955733,1.371613733,0.524487513,2.24000234,2.240002917,1.935866772,1.383410584,1.494766261,2.211240528,1.586118043,1.586117838,1.910649669,3.219955265,1.079818804,0.433376911,0.307162004,0.698875764,1.544589559,0.70854701,1.23721565,1.053958203,1.658461221,1.658461594,1.2742708,2.208751221,2.387724868,1.643295915,2.820265843,2.602627619,2.598582523,0.920812426,1.202773927,1.248283164,0.85514258,1.034111694,0.649986303,1.880693242,1.851755456,1.634252089,1.634250889,1.118435047,2.748858411,1.884977202,2.176119487,3.318508078,1.061899067,1.054592561,0.513559626,0.90362936,1.572877892,1.386085282,1.487135042,1.280421996,2.357352733,1.63618425,1.126070337,2.634003428,2.677393334,1.695579631,2.743252479,2.592173235,2.241746535,0.738008999,0.370932109,0.31865486,1.487907089,1.188090111,1.188090325,0.380384971,2.219214195,1.984116393,0.703003112,2.446933319,1.705472027,1.913270599,1.377696464,1.545225459,1.383272089,1.152979818,0.943000829,0.888882821,1.702201633,0.898568441,1.134359824,1.11130914,2.493630878,1.848981563,2.020258925,1.032409722,1.781591292,2.368630392,2.368630655,1.996540543,3.782028403,1.452697973,1.437242396,1.359871028,1.811354384,1.257757032,1.499301883,1.833191108,2.781069957,2.231232141,1.940596326,1.575925714,3.238171128,2.411288651,2.045513526,1.340595076,1.366755549,1.351309891,0.942119981,1.964180945,1.295928339,1.780155736,1.927403632,2.748782851,2.136094672,2.467491683,2.327441372,1.56388627,2.218293701,2.838889072,2.956211223,2.432222999,1.133047791,1.066916159,0.55647909,0.75603665,1.786293647,0.924129889,1.892255802,2.658239011,2.117041831,2.117040974,1.979773282,3.186119699,3.186119809,2.026825642,1.327974645,1.64018232,1.510243856,1.510243367,0.880853652,1.282942156,1.925129111,1.177326013,1.743690725,1.485566172,1.961907592,2.210433794,1.395321173,1.395320736,2.042364897,1.92735781,2.76840083,3.239270117,3.18270519,0.56452368,0.564525177,1.095992608,1.856233394,0.929112225,0.520585542,1.762756228,2.873864405,2.6746416,0.780133388,3.244530467,3.500857607,2.273282806,2.896906965,1.199136406,1.807399548,1.658814853,1.13748661,1.708049924,2.174528327,1.847192464,1.972100238,1.959028585,2.213875542,2.55712619,1.902704706,3.304752974,3.30475266,2.266879794,3.207823332,1.118346273,2.070060767,1.199650479,0.785393402,1.84456791,1.999249835,1.004423821,1.218174546,1.53716875,2.833416716,2.315396062,1.259608696,1.047798038,2.144280212,2.629193799,2.669915987,1.366575874,2.017761898,1.828160006,1.164721808,1.809094361,1.768219393,1.30365711,1.72728904,1.740487978,2.091577285,2.178952428,1.74722319,1.780229243,2.872623162,1.998852609
0.366966066,2.440983411,2.554086755,2.007350189,3.247961161,2.633114083,2.266255345,1.889364755,1.968658644,2.468613104,2.333698958,1.616695231,1.616692825,0.873916825,1.498117699,1.071084242,1.019055388,2.201268898,2.096312781,2.026632533,0.964666622,0.984127387,2.181572956,1.149375972,1.403993819,1.008469437,2.523785313,2.409951517,1.586448904,1.594215959,2.986987915,2.04919747,3.339172003,2.603337234,0.757590684,0.712066527,1.318778202,1.372954731,1.372954661,0.70177776,0.628768208,2.189839769,1.938178286,1.379964399,1.48457413,2.209162312,1.591891887,1.668060491,3.196515029,3.196515374,1.046876194,0.435509877,0.308894906,0.694250824,1.546413906,0.628274772,1.340547505,1.02707227,1.662076122,1.662076793,1.427370547,2.388974324,2.270278302,1.644132382,1.730818739,3.055218362,2.591448332,0.914530798,0.865654102,1.243877251,0.591146056,1.259080377,1.850171852,1.85017221,1.948744811,1.634071116,1.634070683,1.113188408,2.752318211,1.891300354,2.174528435,3.33139975,1.059532879,1.052702405,0.756380766,0.817828656,1.694102414,1.383057237,1.487515513,1.260032352,2.359062655,1.638063524,1.126348381,2.797721994,2.675161451,1.575859598,2.251716519,1.652364054,2.240844462,0.733842948,0.371180832,0.528696989,1.407002154,1.188029012,1.48590829,1.331251147,2.240180742,2.066975962,0.705063741,2.447408826,1.735282422,1.838102385,1.623361927,1.552308966,1.201775881,1.152869726,0.944659575,0.919164304,1.805400502,0.984833653,1.13437396,1.174692585,2.445567436,1.77235374,2.020006675,1.033591033,1.68427171,2.277934073,2.368163828,1.965559438,3.763831389,1.415156935,1.400254097,1.325251804,1.806938094,0.681935924,1.298683159,1.842755452,2.768869383,2.099537357,1.952339825,0.865842378,3.22691527,2.592594618,2.027104213,1.99038123,1.350076523,1.350075349,1.038266074,2.100889167,1.472398644,1.775324026,1.982554196,2.617628125,2.137832131,2.388708602,2.467482008,1.791754968,2.03155912,2.833694506,3.382203145,1.573322107,2.27342498,1.065236838,0.809354033,0.754054718,1.784652523,0.924889895,1.629381934,2.5880644,2.052017047,2.192039705,1.979095714,3.000486601,3.187417932,2.026405396,1.328985604,1.635280028,1.595900865,1.510134073,0.903047742,1.227404426,1.92677289,1.172687028,1.743665178,1.459427399,2.008224386,2.208232142,1.555945424,1.396038835,2.043369331,2.027592301,3.055669173,1.381367982,3.188451028,0.988019578,1.310805316,0.455461649,1.855716678,0.932134879,1.749611557,1.749611598,2.873913047,2.681318675,0.784595189,3.239697521,3.498178493,2.34993019,2.897462976,1.196323407,1.792407517,1.792837972,1.1699675,1.624924492,2.174378886,2.008535906,1.962317972,1.949028371,2.209232122,2.451881237,1.900231812,3.104633951,3.108695721,2.258409731,3.206199687,1.114195802,2.75143566,1.19661396,1.000708385,1.844839128,2.001176561,1.073854582,1.218094233,1.514680356,2.834456099,2.269660729,1.25976742,1.049023282,2.146061884,2.667177377,2.667177912,0.893466304,1.878420849,2.017201955,1.162884981,1.808565045,1.937712949,1.426456945,1.735662815,1.684060378,2.09258098,2.096014359,1.745402913,1.610448891,2.872880951,1.992146176
0.266277009,0.057336835,2.549034048,2.042831194,2.839415871,2.63251824,3.557390675,2.037500389,2.346764117,2.487356401,2.037897728,1.674465867,1.622455205,1.149858176,1.371948914,1.068692925,1.023477507,2.726742097,2.03553351,2.040978886,2.681597128,2.681597244,1.118545535,1.154971829,1.406750959,1.019710262,2.520729826,2.404448769,1.591478727,3.169712582,2.343529391,2.757666081,3.323900589,2.588380422,0.782549222,0.737323099,0.902999413,1.209657096,1.101395119,0.535152703,0.638053036,2.21762081,1.93447159,1.435784653,1.435784096,2.351303776,1.616692269,1.587810035,3.213793373,1.98418922,1.079708644,0.428450356,0.301315985,0.702242792,1.435979449,0.699744171,1.347069843,0.669338812,1.702577939,1.655104347,1.421908044,2.204703539,2.381477178,1.63526495,1.727469993,2.605420681,0.7201374,0.706371526,0.878244523,1.538888819,0.860840462,1.257293794,1.871838032,1.871837782,1.94110932,1.558158134,1.545175394,1.122481705,2.662867681,1.886618915,2.176490648,2.028751833,1.09706918,1.061964704,0.76634171,0.90530766,1.685270744,1.481852629,1.48185363,1.26959704,2.300331458,1.633837651,0.916273483,2.630974218,2.792455424,1.688891857,2.249897429,2.590958396,2.242139376,0.742983452,0.379876972,0.54556081,1.481947862,1.182732702,1.182732579,1.352936439,2.232995433,1.980363087,0.701503097,2.441977344,1.725691548,1.910518598,1.376334036,1.552097955,1.206417288,0.95788217,0.889056783,0.889055461,1.797019702,0.894739102,1.179444241,1.105770713,2.488511418,1.767699681,2.017107386,1.028399417,1.681322652,2.280691439,2.366410981,3.786403756,3.772909131,2.090275994,2.362805465,2.137522106,1.804686574,1.258107955,1.493210602,1.837986822,2.653973973,2.229282316,1.936804771,1.574962424,3.233812138,2.613543405,2.04163835,1.986353594,1.364066506,1.356329163,1.043502443,2.093904345,1.466423171,1.777582318,1.923697976,2.744832357,2.022929736,2.391199702,2.46498761,1.5620075,2.212394949,2.838192508,2.954370956,1.580566067,1.137325812,1.071046178,0.561987265,0.728936477,1.866779773,0.829494113,1.880416738,2.590632258,2.115276966,2.115277154,1.821126169,2.997109218,3.183085096,1.96623593,1.328983783,1.557346061,1.513326139,1.368746934,0.907434816,1.227650823,1.919290061,1.174209595,1.738983746,1.479070927,1.999623325,2.262173356,1.551900009,1.564341655,2.035695215,1.923021613,2.766153234,3.238984446,3.182914216,0.574321177,0.574320685,0.461474226,1.849748123,0.962985528,1.762387746,0.428117866,2.871150783,2.770753591,0.782498593,3.23884413,3.495086409,2.343212049,2.314201363,1.201008158,1.794380709,1.657044785,1.167072486,1.62640937,1.971738146,1.843586878,2.005320857,1.963329224,2.317457102,2.456668196,1.899894851,3.103343651,3.300314781,2.261743397,3.527093611,1.119279875,2.754805537,0.787759545,1.010160584,1.841414212,1.928958643,1.069580144,1.213916108,1.527006051,2.830085209,2.264243548,1.047263709,1.047263576,2.128951286,2.667785181,3.025622327,0.896975479,2.019861763,2.019861439,1.141988469,1.931138677,1.931138553,1.300727038,1.720407841,1.734724903,2.085339372,2.175402656,1.609584324,1.776019173,2.698916895,2.123332796
0.263156926,0.053376861,2.035002077,2.035002163,3.254192562,3.56862268,3.568622952,1.890626056,1.971428344,2.494296704,2.038831949,1.674308289,1.618429764,0.878931131,1.498822006,1.261611033,1.02188033,2.210990257,2.025858514,0.981099688,0.968879319,2.678025976,1.117469859,1.152012302,1.404932865,1.015728595,2.512223718,2.397944166,1.587201831,1.598060609,2.341745322,2.049357645,2.243880491,2.570187633,2.277302934,0.733272572,0.895062896,1.213801737,1.101812845,0.524748005,0.630779238,2.226968285,1.934828029,1.381562531,1.43328355,2.210350475,1.618532769,1.585975825,1.910737944,3.216596315,1.049239029,1.020808235,0.705150127,0.697750942,1.541362815,0.62569606,1.354453051,1.048024778,1.65660433,1.656604035,1.424569991,2.384859655,2.38485949,1.532508166,1.729118718,2.606331516,0.716664015,0.922975287,1.200532471,1.246396957,0.856820835,1.032846574,0.651110397,1.875805046,1.943252425,1.554265546,1.544684018,1.04456774,2.748735393,1.885167709,2.175475984,3.32651698,1.061641884,1.054221439,0.511218788,0.902742237,1.688676071,1.48457474,1.484576259,1.008007186,2.355010764,1.634095628,1.12289537,2.633166499,2.794361187,1.574086128,2.250163297,1.659274128,2.242154161,0.7379061,0.706756484,0.536153349,1.40532599,1.06877942,1.185121377,1.358852849,2.23570367,2.06311863,0.702003088,2.643058012,1.730501914,1.841222277,1.377064559,1.546504672,1.201893,1.152325281,0.940208579,0.887632715,1.800167247,0.896175634,1.130796346,1.184277005,2.490738311,1.768947247,2.017790049,1.030311524,1.683589426,2.367139431,3.22504168,3.803709472,2.169899401,1.443617137,1.428392245,1.349478706,1.806751921,1.250757104,1.493011578,1.83611706,2.776182923,2.089314609,1.935116959,0.882632467,3.22699378,2.612466036,2.039631969,1.98329643,1.36537472,1.081530859,0.940197906,1.962691967,1.468255729,1.778166647,1.925330971,2.74704111,2.022453756,2.389181249,2.46580219,1.788426507,2.216046044,2.955327746,3.381832088,1.578346789,1.13254236,1.06627257,0.813872974,0.755684352,1.868444012,0.827395634,1.627534349,2.595638748,2.115048553,2.115048364,1.97816911,2.998196821,3.184414913,2.023334219,1.327931073,1.6384005,1.598846997,1.369317544,0.903120337,1.226140802,1.922528972,1.175339633,1.741347629,1.456300179,2.003873395,2.208756023,1.553958428,1.394653997,2.039897514,1.924592083,3.056006304,1.385393734,1.40132124,0.994928486,0.566198292,1.09836416,1.853097127,0.957199543,0.520553381,1.761601604,2.827139694,2.673726611,0.807889573,3.497853522,3.497853573,2.347504025,2.314570696,1.198232414,1.796555068,1.793057264,1.168698931,1.706823834,1.974291937,1.845402013,2.00745464,1.956966449,2.321654517,2.456221,2.082109673,3.303334601,3.11539727,2.425555286,3.528752695,1.117003917,2.752368235,1.199278148,0.784230673,1.842619208,1.997074245,1.002599039,1.216017562,1.531900679,2.831313472,2.264206041,1.257019496,1.216878744,2.130350682,2.627623768,3.026077884,0.894746588,2.017398281,2.01739886,1.165235387,1.807835257,1.766377695,1.426394447,1.734860035,1.738378421,2.090183145,2.099109511,1.745783856,1.611822167,2.700787279,2.127441697
0.35995915,2.43145817,2.039299622,3.199201307,3.25018727,2.636267525,3.568359392,2.038235066,1.971240395,2.498739107,2.334094135,1.674397359,1.619734676,1.149140369,1.369234449,1.259863908,1.021299876,2.722196103,2.025699349,0.978727984,0.966370256,2.679165393,2.168936454,2.168936053,1.401560033,3.613597685,1.792851953,2.391836509,1.585127002,3.16798298,2.339744623,2.747741356,2.242805881,2.571714027,2.277934403,0.736319259,1.350009488,1.366608263,1.366608499,0.526600402,2.23059554,0.801457983,1.930849077,1.432755117,1.432754466,2.208555674,1.61540085,1.582250449,1.910851991,3.216041362,1.078793963,1.020248757,0.299848235,0.519355336,1.537231809,0.620423023,1.356969615,1.054771418,1.703289381,1.651221731,1.422426159,2.381668939,2.381668637,1.527377805,1.728619833,2.604443106,2.60044808,0.707920792,1.210342498,1.245243524,0.856054797,1.029366609,1.877375138,0.819118299,1.936140676,1.553045357,1.631886394,1.044656237,2.660050389,1.880769999,2.175352409,3.32558241,1.060760788,1.052842514,0.507898136,0.810062995,1.684932838,1.381511718,1.481811017,1.004599166,2.351924636,1.629694941,0.913235168,2.630110664,2.792325619,1.570697577,2.250471517,2.592641474,2.242311638,0.603370045,0.372325169,0.318351469,1.480796833,1.18123662,1.506412732,1.363898534,2.212945045,1.977262102,0.496451577,2.441492458,1.725436228,1.840952587,1.626849284,1.547480602,1.201723293,0.958537348,0.937719975,0.912255067,1.696148247,0.893152811,1.186397873,1.105269803,2.440935111,1.841859746,2.016644571,1.026426258,1.680708789,2.281356234,3.228112397,1.992101881,3.781231183,2.102135131,2.36232495,1.356402311,1.818947506,1.254708215,1.308555761,1.833265312,2.65319936,2.084411945,1.93541393,1.572407224,3.232905863,2.614211252,2.329039022,1.982557529,1.365252002,1.350089512,1.042419951,1.959749579,1.467076286,1.924030165,1.924030972,2.619583378,2.130424895,2.38903384,2.325896389,1.786340997,2.213353162,2.839568234,3.382507375,1.579254672,2.276451146,1.065604495,0.552930336,0.757259406,1.864612616,0.822875884,1.884335222,2.592366386,2.039754276,2.110101417,1.976262392,2.995251712,3.181485199,2.019376647,1.328151092,1.554448853,1.509079027,1.509078534,0.903479165,1.279591781,1.9197455,1.174154945,1.739919487,1.454483211,1.956636165,2.208390288,1.552512482,1.565181552,2.037206291,2.02291641,2.768006988,1.386476035,3.18700747,0.995944372,0.566801311,1.105690038,1.847564286,0.953760077,0.516202887,1.763615185,2.822243822,2.769431111,0.775376955,3.238239944,3.493990506,2.265354289,2.314395451,1.199996891,1.798307084,1.7930711,1.139429884,1.707481302,2.171451681,1.846370455,2.007988867,1.96605806,2.320332163,2.556745745,2.082910965,3.105420024,3.302747246,2.425515058,3.209474045,1.11749707,2.068821017,1.196281594,0.781678043,1.838984561,1.992868359,0.999234889,1.212241816,1.532613336,2.827835986,2.259991477,1.253040262,1.041438779,2.13642117,2.627500758,2.668337151,0.897453039,1.884574197,2.017568482,1.144284886,1.806297614,1.766674876,1.30496314,1.735052078,1.742294915,2.088674624,2.178685083,1.74713751,1.612152253,2.870667084,1.997419927
0.892137166,0.04907365,2.036732089,3.200770189,3.250414652,2.620902624,2.258981323,1.884456008,2.348193768,2.488743221,2.327524363,1.66918799,1.613765095,1.142906361,1.493588543,1.254998295,1.017998944,2.719233708,2.027579622,2.033118777,0.968674339,0.992651965,2.1718174,1.150662652,1.40224017,1.015592632,1.794344064,2.394304251,3.145112648,3.171156436,2.975205267,2.748900226,2.244175191,2.574911625,2.278801631,0.734909876,0.894884043,1.212914864,1.367367713,0.699307464,0.629233342,2.218730382,1.798290627,1.381703664,1.493781675,2.209800657,1.615786363,1.661665238,3.218566735,3.218566728,1.078109289,0.429010688,0.299885292,0.696386579,1.538073382,0.621731199,1.352532455,0.670666697,1.704763941,1.748176337,1.272491443,2.206432439,2.382334907,1.636537471,1.729037741,3.064041269,0.717373827,0.923041657,0.872352471,1.535537164,0.853285687,1.029958443,1.869495129,1.869494799,1.847462637,1.631502408,1.54492401,1.043868626,2.746340406,1.881410591,3.650920671,2.031547625,1.095591118,1.053833126,0.50828398,0.901906222,1.567868382,1.381753781,1.584170941,1.005076061,2.352440216,1.630519698,1.119944643,2.632371178,2.792729437,1.689200034,2.250662229,1.656981235,2.242564487,0.738424418,0.371076398,0.538807369,1.482292677,1.181911829,1.181912169,0.378643639,2.213403794,1.977250259,0.697650708,2.443468307,1.698217743,1.840682525,1.377225583,1.546486214,1.381365182,0.958652421,0.938313932,0.912849877,1.696771333,0.97899497,1.129162333,1.184389941,2.489251266,1.842326666,2.017592222,1.028967102,1.680310337,2.367034459,2.36703497,1.997505625,3.797068304,2.110207455,1.440013608,1.358226524,1.805827571,0.698612255,1.495183886,1.832703264,2.655186268,2.224920678,1.93940099,1.57264378,3.225754241,2.411637458,2.326434237,1.980727353,1.364319124,1.350366606,1.040986149,1.960988227,1.467351365,1.778106678,1.924710513,2.619490525,2.131485785,2.465618856,2.465618681,1.786994597,2.031367405,2.83883828,3.382349329,1.57770311,1.132304185,0.880119049,0.552575895,0.723850995,1.780545073,0.822749876,1.884315717,2.654125844,2.041660712,2.110613914,1.976371073,3.182353921,3.18235414,1.962220213,1.327956185,1.55404811,1.598853769,1.509806255,0.878711917,1.280260113,1.920415972,1.17430562,1.706014255,1.483602266,2.001741602,2.208343814,1.552710578,1.565868028,2.037881309,1.922795666,3.05730845,1.385588109,3.186832844,0.99547451,0.565550728,0.454303971,1.849199542,0.955162284,0.51633701,1.761269716,2.824196665,2.669148506,0.805866409,3.240981239,3.421501076,2.266366667,2.314747172,1.526121911,1.807976136,1.793860826,1.170210645,1.708469913,2.172470739,1.846626794,2.009096801,1.959430852,2.32185158,2.457481725,2.083541523,3.304353526,3.304353699,2.264566999,3.209671482,1.116235182,2.069160527,0.782089073,1.00425952,1.839889415,1.927056561,1.066993762,1.533204682,1.533205098,2.829339081,2.307999007,1.042770713,1.042769291,2.137661536,2.668619795,2.668620315,1.365061051,2.018232553,1.828917168,1.144870338,1.934962686,1.934962849,1.427784297,1.735390299,1.741660021,2.089947531,2.100670611,1.614090438,1.780831598,2.701598118,2.127679544
0.262456996,0.049990772,2.555949344,2.002977134,3.252582241,3.560737111,3.560736897,1.896942129,2.332106058,2.335231872,2.336876046,1.617450256,1.617448478,0.876671242,1.364794818,1.25560121,1.016108058,2.736851165,2.019209474,2.024819281,2.665609833,0.9786931,1.103764519,2.176356266,3.653877648,3.581133277,1.784404575,2.406783824,3.134800864,1.58794855,2.981860903,2.757905139,3.345720267,2.613558096,2.265748547,0.719479552,1.330781233,1.202999732,1.365506747,0.701659696,0.631138044,2.194897951,1.930406652,1.378914592,1.430419905,2.349084166,1.585426326,1.585425694,1.91167403,3.192495205,1.048598673,0.428242592,0.297975364,0.693573993,1.53486656,0.619258524,1.226010404,1.029124773,1.651694611,1.744262201,1.418974523,2.379121352,2.379120807,1.525626552,1.724823719,2.607406832,2.586430746,0.69270081,0.870250153,1.240223768,0.855435995,1.25073802,0.651082651,0.816333083,1.937511837,1.629028193,1.541943459,1.043645065,2.656333435,1.883863656,2.171519233,3.339330385,1.084711161,0.563200904,0.758662947,0.808600622,1.683193516,1.37420393,1.571617274,1.002887862,2.293727015,1.62735142,1.116543266,2.628961464,2.790190903,1.684800773,2.247482896,1.655025315,2.235197222,0.605552618,0.373166448,0.538545312,1.47858909,1.059158377,1.176313076,0.378468191,2.21099898,2.054692138,0.696948498,2.439341355,1.695665973,1.834083683,1.376846515,1.372205506,1.372205044,1.151855913,0.88471429,0.910573249,1.795210982,0.885934062,1.171314472,1.10341713,2.437335789,1.761822683,1.902438299,1.024211563,1.67339939,2.36430711,2.364307555,1.98089102,2.138519848,2.067283698,2.357973091,2.132850879,1.800961554,1.253642801,1.30635073,1.841745358,2.770587849,2.094186616,1.930439215,1.568866613,3.225144892,2.603866247,2.041256555,1.328016501,1.349943913,1.349944462,0.938287518,1.96014934,1.466069606,1.768673471,1.981441946,2.743407707,2.129036687,2.463005162,2.463005054,1.785217084,2.211668296,2.831532491,2.95381796,1.575787199,1.13171896,0.884609532,0.814620047,0.722368975,1.862846195,0.820206681,1.619890468,2.651990119,2.039016009,2.110409344,1.817474096,2.994246137,3.179882913,2.013645481,1.328213071,1.558758931,1.59021431,1.369441216,0.902762925,1.225216679,1.918886249,1.276581787,1.696712075,1.47330417,1.952354856,2.204350416,1.54969447,1.564024918,2.035319576,1.9150828,2.765619054,1.384724936,1.40025611,0.994305629,0.570947392,0.457778364,1.796376636,0.962139274,0.517049259,1.752436094,2.818834394,2.671321125,0.813155829,3.23336301,3.489685689,2.266098915,2.89610858,1.51803964,1.788663988,1.658119264,1.168343966,1.706555887,2.169639854,1.835452331,2.004136204,1.950324588,2.318478175,2.553068393,2.078956089,3.102171419,3.301444027,2.253767152,3.206439699,1.11374518,2.069070255,0.784044917,0.78404583,1.837581705,1.9204421,1.062416873,1.513145122,1.133874667,2.826313695,2.258191092,1.248501876,1.20984388,2.133394646,2.620223377,3.026652375,1.357188282,1.87514738,1.829651982,1.144628601,1.805819161,1.757321487,1.425040529,1.718268198,1.73328901,2.087589378,2.093984904,1.743770659,1.61028033,2.869862178,2.123913317
0.261930441,0.051827805,2.547643651,2.034973387,3.257458506,2.638635875,2.265453286,1.89487951,1.97184714,2.50370711,2.333064454,1.674800743,1.619297339,0.879999741,1.364506726,1.064525291,2.695945653,2.723384066,2.107262683,0.981673687,0.968681081,2.679818331,1.11473994,2.174452728,3.686887019,3.616152733,1.789335708,2.396228427,3.142983051,3.170471491,2.335347267,2.043794975,2.241942492,2.563014674,0.79001223,0.744674528,0.901078994,1.218877849,1.362239592,0.701073338,0.633065273,2.234845807,1.795144661,1.383047631,1.430979942,2.207450464,1.57905161,1.579051,3.221319775,3.221320164,1.052834045,0.424823052,0.29466619,0.697966868,1.429854212,0.617776628,1.353735507,1.052705907,1.697221173,1.64778153,1.417318424,2.200414722,2.376861637,1.629975919,1.724642225,3.063857318,0.726511319,0.712392855,1.219766503,1.246133643,0.592897413,1.026851818,0.651259768,1.880057611,1.930342837,1.553257394,1.544680207,1.123618332,2.655779951,1.876335018,2.172637423,3.324702731,1.094151027,1.055410149,0.503871622,0.901543473,1.679356037,1.47655423,1.476554194,1.277086835,2.293136065,1.625033537,1.114481028,2.787700344,2.787700261,1.565234595,2.742131112,1.662639359,2.241693532,0.743040056,0.375103996,0.318062863,1.394809891,1.059332221,1.175092876,0.375967198,2.225962865,1.97272118,0.495786596,2.437598534,1.693443794,1.838464388,1.627085981,1.546185951,1.378665884,1.15193711,0.932707276,0.907187872,1.791553362,0.888468638,1.12364614,1.182860425,2.483473814,1.835128439,1.901749818,1.022687665,1.674999236,2.278373651,2.364007626,2.003357222,2.186640893,2.115324247,1.448827132,2.145404408,1.804631167,1.269628344,1.308659587,1.831743087,2.652009798,2.21995945,1.939386906,1.57879089,3.234588713,2.621429515,2.051671928,1.336922402,1.362097986,1.351297727,1.042732669,1.957437575,1.462709685,1.919406104,1.919407364,2.740576336,2.125514394,2.387439898,2.462329291,1.558931624,2.20837805,2.836985344,3.382302601,1.580986882,2.276043047,1.067288789,0.55210299,0.760561464,1.859119241,0.911497976,1.885144928,2.592113634,2.105542045,2.176335297,1.972217653,2.992761243,3.107049335,1.956633996,1.327549823,1.554318175,1.596667588,1.509991884,0.903819724,1.224472564,1.915525625,1.27609404,1.703588514,1.482178991,1.995977438,2.206452842,1.548787175,1.390455409,1.918177154,1.918176908,2.76595951,3.23985202,3.18297738,1.000977168,1.32938066,1.111654411,1.797417648,0.955248101,1.763859238,1.76385943,2.864747885,2.664245593,0.773923436,3.490731226,3.49073144,2.262211944,2.312209288,1.20089279,1.795513576,1.794699277,1.167540307,1.628050968,2.168248208,1.843521814,2.005142784,1.958858158,2.316957432,2.456404958,2.080223181,3.300870196,3.300870369,2.260925695,3.207993626,1.118727391,2.070937275,0.78033913,0.780341698,1.835470223,1.987824305,0.995218789,1.532027673,1.532028336,2.823927699,2.254519405,1.247510243,1.206860303,2.129967507,2.625527487,3.025401071,0.897526921,1.881284176,2.01984573,1.143507112,1.804417763,1.762286295,1.302634193,1.731777048,1.741139787,2.085163213,2.099220377,1.744665999,1.611814104,2.867711418,2.12381345
0.354925775,2.435939396,2.548526522,3.196936425,2.848695431,3.588476478,2.269311696,1.899036777,2.369338995,2.51006724,2.332193025,1.681025469,1.664344827,0.882062386,1.367443574,1.06786077,1.020839753,2.212976022,2.11005607,2.033806369,0.969583393,2.684094946,1.117551678,2.169048163,1.40062808,3.623794483,1.791445063,2.390460181,1.585484494,1.598371782,2.337683577,2.746057669,3.313218894,2.279833162,2.279832714,0.89907185,0.898718671,1.218181132,1.362902416,0.532171434,2.24415049,2.244151894,1.92773628,1.381671786,1.496971138,2.207291665,1.61139662,1.657467673,1.91143352,3.218634763,1.079056881,1.020286664,0.295486861,0.698257008,1.430775817,0.617726529,1.359196433,1.060740221,1.698540969,1.742819242,1.41849093,2.201372801,2.263403972,1.631211198,2.823621433,2.609713313,2.603026717,0.927444828,0.875426426,1.245602024,0.856298419,1.02717351,0.650807652,1.887993965,1.933045274,1.628772444,1.628771525,1.12360439,2.740974764,1.965035554,2.173701431,3.326297503,1.096605963,0.560892127,0.504347944,0.900181873,1.680355856,1.378601047,1.477928232,1.000322672,2.293587081,1.721660978,1.11592464,2.628078896,2.67094391,1.56615215,2.248483106,2.593446739,2.243258949,0.604164224,0.373339519,0.550470333,1.476954802,1.060685108,1.514326818,1.376873129,2.227481465,1.971924475,0.695279744,2.636242835,1.721185973,1.839118898,1.376304184,1.545148791,1.381557927,1.150559459,0.933633706,0.907887895,1.692964237,0.974530291,1.124763526,1.101272988,2.437322441,1.760369776,2.013918447,1.023580775,1.769427513,2.364952999,2.364953645,3.816375908,3.802957129,2.125669107,1.44799962,2.146492177,1.803013642,0.704092357,1.310820542,1.828901027,2.651021115,2.081294812,1.964676397,1.581207151,3.221808914,2.62326413,2.332018414,1.982637732,1.365316553,1.348952937,1.041823932,2.090284908,1.463420685,1.920999363,1.921000245,2.741435456,2.12661942,2.387078579,2.463340492,1.559484298,2.209429459,2.954587072,3.383653537,1.584680773,2.277670681,1.065870309,0.824671162,0.7604067,1.776985821,0.81986664,1.621256543,2.593222675,2.035869441,2.104698073,1.973596276,3.178946562,3.107962029,1.957355392,1.327665058,1.553094346,1.50857755,1.508576415,0.903594932,1.224029278,1.916331698,1.27727384,1.706591536,1.485863532,1.952777243,2.20648037,1.549630313,1.390502742,2.033074364,2.019034419,2.766301294,1.392486857,3.184133693,0.568607106,0.568607763,0.457317332,1.798198303,0.953756154,1.771244612,0.422824556,2.820336541,2.66285124,0.808702968,3.237886357,3.492509601,2.261449574,2.895622931,1.202533502,1.807352556,1.792831144,1.167977128,1.627679818,2.168740074,1.845857012,1.972262993,1.964377235,2.317471583,2.555301796,2.08101168,3.105583475,3.301057837,2.262884323,3.208478093,2.300163182,2.753430089,1.19485183,1.00850954,1.835516834,1.923680169,1.06335106,1.540482163,1.540482506,2.847028429,2.254476709,1.039031519,1.20901663,2.12101135,2.666929045,2.666930202,1.366654602,2.016998345,1.828037088,1.143294922,1.931158537,1.931158238,1.304729908,1.732992129,1.744095609,2.085672892,2.099498998,1.745522133,1.61237419,2.868858282,1.994877873
0.259969794,2.431138475,2.544274619,2.032830009,2.847870946,2.638975481,3.581238996,1.894160865,1.972096515,2.498184992,2.331778415,1.675201947,1.617277644,0.87860668,1.496346958,1.259155712,1.018660749,2.211931908,2.108181781,2.032551654,0.968892097,2.68041429,2.172065811,2.172065653,1.401354794,3.616898967,1.792399341,2.394787831,1.585354576,3.171651928,2.974979944,2.050355113,3.314608023,2.575191855,0.784368459,0.73896403,0.897039313,1.364970266,1.364970429,0.528628435,0.630579279,0.800780216,1.796742279,1.381000301,1.431584394,2.348962691,1.581515897,1.659597403,3.216828424,1.986498708,1.077744755,1.020649072,0.705641627,0.695635069,1.432769568,0.620145951,1.228485466,0.667345385,1.701173453,1.74532774,1.420501726,2.380380543,2.265979759,1.527684275,1.726118902,2.608009016,2.601859921,0.709819358,0.873074363,1.532886449,0.589852758,1.251073765,0.649232097,1.877964997,1.843928844,1.552617766,1.62939117,1.120392952,2.743255175,1.96710235,2.172306956,3.324607025,1.093926338,1.053110722,0.50621853,0.808309191,1.683426607,1.378909205,1.47938203,1.275244805,2.349971493,1.628324797,1.117903407,2.629411461,2.790615537,1.568055425,2.743173624,1.661221953,0.739795144,0.73979591,0.372557077,0.317492946,1.479328126,1.178176399,1.178175398,1.364146488,2.211813464,1.975504736,0.696046537,2.4405264,1.722546424,1.838898064,1.627085235,1.546874181,1.200637093,0.956951247,0.935399777,0.90967884,1.693764589,0.976118957,1.183050349,1.183049619,2.439054513,1.7631132,2.014232211,1.198807728,1.677838959,2.277895429,2.364610745,3.803959471,2.182078442,2.110785714,1.441292807,2.140270233,1.823244133,1.26590504,1.493450323,2.6525151,2.652515222,2.08517935,1.937439138,1.576831308,3.233358916,2.618383958,2.326938922,1.338488455,1.364127265,1.34930171,1.039815569,1.958123431,1.291336905,1.774684088,1.988291947,2.617487551,2.018179935,2.463271435,2.463270361,1.560435006,2.028084426,2.836058206,2.95340219,2.432230695,1.133042212,0.880251155,0.819303401,0.757570753,1.862834254,0.915033812,1.885601303,2.593142917,2.108170556,2.180453934,1.973617378,2.994285221,3.179621876,2.016623601,1.327681566,1.552707713,1.59721632,1.368161863,0.876557415,1.224122137,1.917956292,1.17151271,1.737689359,1.452994225,1.95416642,2.260934865,1.55041523,1.391498251,2.035196145,1.920068472,3.056775371,1.388240862,3.184611454,0.567572267,0.567572331,1.105694167,1.846591792,0.924374969,0.515573451,1.762267445,2.822297253,2.768331885,0.775367089,3.238495867,3.419316249,2.264595902,2.894783676,1.199349736,1.795559876,1.657787718,1.139032403,1.627626252,2.170057768,1.844251043,2.006626868,1.965758469,2.319721414,2.455723878,2.081280461,3.105813947,3.302000297,2.423677831,3.208426228,1.117941135,2.752368431,0.781202767,1.005418697,1.83747266,1.991414379,1.064816261,1.209943219,1.134049384,2.848331419,2.305078745,1.250362384,1.210384016,2.134365739,2.666524022,2.6665245,0.896730464,1.880979538,2.018237579,1.143929114,1.932935848,1.932935912,1.302940418,1.733098187,1.74010413,2.00807807,2.176791856,1.745260701,1.612097368,2.869699436,1.994077629
0.261251999,2.430761009,2.543945408,2.033283263,3.255467963,3.561080725,3.561080553,1.891052348,2.35385701,2.327509122,2.331513715,1.673129959,1.616803371,1.147778727,1.368135711,1.259328294,2.694364295,2.721880197,2.106788087,2.031500949,2.676246102,2.676245468,2.172186095,1.150601926,3.677434963,1.014617547,1.793871247,2.397964533,1.586122798,1.597148173,2.976690843,2.751468522,3.304523731,2.561573993,0.782831672,0.894395684,0.894161731,1.214424963,1.09959529,0.700469378,2.231956349,2.231956574,1.798123591,1.381371248,1.431872429,2.208658976,1.584079727,1.584079079,1.911010648,3.218978405,1.050149252,0.42934243,0.300841861,0.697313096,1.538182726,0.622093937,1.230843959,0.671379935,1.70526118,1.653676031,1.421885848,2.204775013,2.266425334,1.637033631,1.727622446,2.601585107,2.596549268,0.92108175,0.870221229,1.245333177,0.588869057,1.253570068,0.649826928,1.875862265,1.848544504,1.553090168,1.630865621,1.043681677,2.745350623,1.970105699,3.646809641,3.323265384,1.095455007,1.053913211,0.508322304,0.810295027,1.68560433,1.380856994,1.481480271,1.276568674,2.296674803,1.630085958,1.119789471,2.792207743,2.792207647,1.570191777,2.741041208,1.65814116,2.240177246,0.739367903,0.710886378,0.540045951,1.401511161,1.181592286,1.508508362,1.364401017,2.232228063,1.978699153,0.699130323,2.640326942,1.726800192,1.839458516,1.624237224,1.545324702,1.37989911,0.958191755,0.937684866,0.911970852,1.69570982,0.892614785,1.128518997,1.105746938,2.488273352,1.765742297,2.016286155,1.027282922,1.680021035,2.279177182,2.365926711,1.994401978,2.179837964,2.108558646,2.364506254,2.139297494,1.823184286,0.699634623,1.311055005,1.833014941,2.655489937,2.089239575,1.964453169,1.575816555,3.225036104,2.409108984,2.326499064,1.9800015,1.350509798,1.350509263,1.041056762,1.960440629,1.292290078,1.923459216,1.923460071,2.619248402,2.019371638,2.387716607,2.325565179,1.562339406,2.029653207,2.954767337,2.954767292,2.430617374,2.274480196,1.066160126,0.553432331,0.756192414,1.780393838,0.823334224,1.624366002,2.594025921,2.041345042,2.183968138,1.975157272,2.996011392,3.181722358,2.019870293,1.32730091,1.554045797,1.509719488,1.50971863,0.902652468,1.279779967,1.920497484,1.172922413,1.705510287,1.482992555,2.001179009,2.207323496,1.392370052,1.565101096,2.037450962,2.022609974,2.766982587,1.385363873,3.183311783,0.9966005,1.319296528,1.101889706,1.803434635,0.956247374,0.517925555,1.763922766,2.868802836,2.670821121,0.777391409,3.240230088,3.495431127,2.268466199,2.894842393,1.198159754,1.796364052,1.658071103,1.138697955,1.706835451,2.17127481,1.844270373,2.007181716,1.958918057,2.21024645,2.555768064,1.902123276,3.105847743,3.303095238,2.262853494,3.208191226,1.116588355,2.750938313,0.782272834,0.782272814,1.839838998,1.993816181,0.998580867,1.212450462,1.53257102,2.828117312,2.260868568,1.253312333,1.213362948,2.13789483,2.625824689,2.667086743,0.895739203,1.882179105,2.01877372,1.144093508,1.80695376,1.76488836,1.302856312,1.734240822,1.741302508,2.089040719,2.098964018,1.745999126,1.612016964,2.870747931,2.126881163
0.262781188,0.049387431,2.543221225,3.203533956,3.254326423,2.633456249,2.26350041,1.889815538,1.967737178,2.496084021,2.038349321,1.675098564,1.61627241,0.876996693,1.496424733,1.258881162,1.019366469,2.719219742,2.103406,0.976681461,0.964418499,2.675662096,1.112601428,2.169429843,3.679546184,3.607399548,2.504471635,1.662858943,1.584022906,3.168777451,2.972035944,2.746093754,2.242359751,2.563734129,0.77966501,0.734213636,0.893129578,1.213340263,1.098723498,0.698351946,0.628255739,2.227320499,1.797396717,1.380585464,1.493264229,2.20888582,1.614966285,1.660572034,1.911098874,1.985648628,1.075570931,0.429077382,0.703711479,0.695552839,1.537493771,0.621094,1.350693073,1.045679035,1.704228779,1.653053054,1.422150052,2.382103637,2.382103379,1.636450805,2.820325733,2.602825827,2.597923153,0.920860609,0.870173588,1.244427654,0.85357967,1.029247667,0.648144808,1.876065276,1.937715799,1.630782199,1.630781311,1.042732891,2.659581085,1.880942979,2.175153403,2.030401713,1.092889823,0.564398174,0.508282569,0.900660062,1.56729979,1.381070769,1.481592383,1.274511478,2.352651861,1.726907824,1.120132543,2.792474328,2.792474544,1.570801791,2.250175007,1.658185991,2.240892727,0.602404929,0.369583182,0.315976837,1.40127948,1.064764567,1.181266484,0.377029022,2.231886132,1.977450875,0.494965961,2.442716789,1.69846968,1.840159381,1.62264882,1.543763369,1.379028273,1.150441765,0.885658695,0.91226129,1.79738151,0.893081004,1.128729782,1.183404423,2.488581432,1.765904372,1.905392184,1.028295396,1.680462778,2.28085368,2.367072598,1.996492052,3.795318157,2.107827079,1.436492328,2.135864301,1.805448848,0.695864498,1.493817599,1.8334341,2.654900965,2.224508159,1.937581699,1.573449108,3.22549619,2.617193293,2.045899255,1.978836147,1.349461447,1.349460341,1.040466742,1.961109964,1.467609224,1.777624754,1.924663526,2.619431051,2.131596786,2.389218153,2.466059692,1.786531175,2.031330516,2.839181565,3.382421838,1.577641647,1.13134142,1.064536087,0.551356201,0.754203459,1.780171975,0.821677833,1.623872556,2.594345494,2.040910168,2.110208285,1.975882665,2.996370147,3.181369442,1.961538317,1.327549315,1.554577634,1.50861232,1.5086113,0.878505101,1.2257612,1.920622582,1.173488343,1.740104139,1.455246113,1.957310231,2.262889359,1.393568922,1.393569278,2.037304783,1.922351892,2.768244213,1.385163499,3.18413435,0.564769711,0.564770379,1.099138195,1.848903788,0.954426766,1.763404382,1.763404288,2.823705667,2.668382487,0.775379614,3.495453731,3.42149247,2.266447152,2.31497909,1.197673696,1.795327395,1.793268072,1.138827835,1.628107884,1.974622998,1.846122509,2.008683884,1.959137514,2.321291807,2.557173149,2.08333435,3.107378086,3.116318907,2.264758369,3.20973852,1.115904087,2.750228756,1.195627819,0.781102688,1.839393637,1.993215142,0.997472675,1.211813361,1.533735103,2.850338467,2.259557787,1.041174938,1.041174872,2.125203385,2.668762951,2.668763343,0.89491731,2.017557616,1.829111455,1.166884804,1.807753111,1.93513806,1.427531969,1.734826096,1.741352258,2.010701108,2.179077399,1.613514005,1.780596358,2.871370253,1.997086688
0.262686159,0.04837685,2.038363465,2.038363316,2.850187561,2.640526512,3.558869945,1.892183688,1.969134381,2.326302455,2.330367515,1.617646868,1.617645251,1.150188671,1.369727839,1.260578649,1.021809853,2.722786919,2.020164716,2.02579187,0.963154426,2.673341183,1.112277377,2.167657988,1.399496216,1.010221605,1.791462514,2.389132424,1.584277412,3.168422173,2.338061315,2.045199577,2.242974456,2.569985565,0.783149015,0.737661148,0.893314641,1.212467285,1.098359343,0.523255905,0.628204986,2.23214829,1.797589283,1.38142302,1.492733026,2.208213386,1.581848664,1.660744442,1.911193477,3.214603439,1.047499013,1.018752241,0.299264941,0.69531571,1.537378852,0.619712491,1.230639246,0.669681648,1.652133879,1.652134513,1.422843684,2.204783517,2.382831185,1.636164181,1.729025299,2.606601496,2.596930593,0.707033004,0.870887116,1.243825598,0.584930519,1.028421039,1.880018164,0.814768035,1.935458444,1.553277634,1.631274862,1.042300973,2.744628215,1.968491946,3.648720088,3.325131885,1.094013045,1.051956192,0.508514251,0.901103373,1.566854858,1.380804875,1.583686883,1.005495804,2.352808224,1.630540689,1.120964739,2.79324472,2.674960489,1.689642135,2.251238142,1.660240564,2.240109543,0.737907418,0.368464742,0.315738638,1.400904422,1.181544264,1.181544207,0.376797005,2.232139552,1.977164718,0.69744843,2.441939108,1.698309992,1.841495461,1.377711245,1.379868654,1.379867941,1.151294963,0.939117074,0.886556195,1.69665334,0.893126354,1.184770706,1.184770417,2.488938586,1.766237174,2.017449362,1.201721146,1.775478985,2.367680039,2.367680116,3.804644235,2.187002154,1.453268957,1.437534926,1.358652116,1.822803622,0.696760623,1.494185924,1.832013975,2.654467784,2.084558028,1.968168353,1.579543663,3.235121832,2.410215296,2.046348828,1.979674539,1.363031252,1.349935245,0.939735955,2.095168226,1.467816345,1.777386156,1.924258442,2.745803313,2.131908715,2.466005459,2.46600515,1.561688063,2.031154635,2.839281712,3.383320147,1.579605868,2.274233906,1.064856357,0.550635635,0.722874814,1.780120836,0.916975961,1.624292311,2.594823416,2.040235923,2.11027391,1.976504077,2.995699071,3.111085549,2.019238589,1.328211999,1.553911717,1.597296173,1.370028797,0.878864571,1.281223877,1.921438918,1.173795596,1.740231149,1.48357124,2.001865639,2.26377003,1.55361928,1.566153084,2.038247326,1.92322535,2.768030743,3.239176078,1.401562031,0.563813529,1.316359928,0.452719072,1.848693474,0.95242437,0.515096829,0.418571375,2.823247907,2.667775891,0.77456274,3.238878056,3.495280084,2.265258977,2.314596741,1.199095388,1.795888515,1.659325976,1.170333265,1.628266105,2.172579841,1.84609283,2.008516561,1.967658244,2.322218123,2.458074247,2.083968244,3.106693824,3.116844704,2.265134522,3.210197062,1.117324584,2.750419967,1.196967186,1.001741386,1.839632837,1.993698449,0.997665075,1.21234125,1.533524787,2.851245752,2.308612955,1.253245683,1.040721594,2.136889793,2.627952874,3.027117885,0.896473289,1.882119598,2.018200631,1.145320919,1.808131219,1.766820647,1.304787258,1.735292311,1.742427173,2.090138192,2.101609287,1.747957287,1.78133812,2.702610192,1.997677887
0.262451677,0.049274573,2.54468729,3.201600832,2.847007459,2.638789064,2.266309781,1.89335355,1.971121805,2.502195113,2.330234315,1.675945562,1.661963334,1.149572539,1.368660994,1.259289695,1.021012358,2.72213499,2.022511309,0.977186648,0.964862988,2.674400208,2.167433747,1.147685707,1.399418045,3.611958149,2.503975415,2.389165583,1.58464068,3.165891313,2.971255434,2.744808207,2.243099708,2.568948981,0.784307337,0.894727268,1.348923139,1.21541756,1.098822285,0.525011513,2.238528116,2.238529168,1.7973697,1.432151604,1.432151303,2.208961786,1.581461352,1.660378529,3.217691253,1.986013105,1.075822787,1.018913059,0.704263138,0.695252413,1.537500151,0.620274167,1.230312841,0.669707308,1.70365969,1.651946251,1.271278448,2.20498848,2.26671055,1.635580317,1.728342049,2.605534787,2.597890029,0.707521714,1.210625121,1.246192557,0.852748044,1.251496406,1.883834873,0.816682018,1.934070028,1.5531033,1.544824606,1.119737121,2.744180716,1.877915505,2.174127866,3.320393644,1.094322928,0.564023326,0.508018311,0.900437969,1.566886206,1.38088557,1.587507345,1.280424371,2.352054059,1.629359056,0.914021494,2.631224036,2.792307694,1.569320629,2.250264486,1.660825406,2.238779844,0.602395704,0.370049128,0.540715664,1.480779517,1.063373384,1.51620133,1.373499235,2.212664885,1.976378275,0.697302013,2.442033974,1.697201817,1.910810384,1.624521672,1.379596182,1.379595953,1.150389404,0.93801662,0.912636177,1.797404507,0.892886654,1.12863171,1.187251227,2.441057285,1.76486947,1.90490035,1.027557558,1.679779032,2.280873338,2.367130023,3.799919932,3.786450803,2.108680349,1.436904939,2.139241077,1.822586536,1.259041052,1.308081438,1.832170417,2.775626566,2.08415918,1.936971686,1.574609077,3.225510584,2.617315973,2.045410579,1.982571766,1.34933118,1.349330453,1.041130572,2.094455509,1.293344063,1.777156853,1.924025874,2.745016914,2.130969073,2.389227516,2.46567908,1.562047049,2.213604391,2.83898808,3.382174414,1.578347922,2.272941263,1.064563273,0.551119471,0.722496886,1.864113457,0.821454541,1.623585385,2.597834407,2.109841677,2.109841297,1.819041067,2.996311893,3.110212127,1.961058662,1.328109545,1.637569342,1.508517326,1.36935576,0.878384909,1.280308224,1.920390195,1.173904813,1.740022766,1.485481755,2.001039845,2.208440428,1.552706245,1.393296804,1.922484893,1.922484284,3.05765397,3.238983742,3.181663909,0.994221492,1.318939296,1.101234868,1.847622405,0.952210439,1.765491765,1.76549226,2.823079121,2.769230463,0.773722334,3.496041216,3.496041378,2.264296089,2.314994912,1.198622245,1.796687106,1.658966749,1.139080437,1.628263575,1.974934359,1.846559837,2.008402705,1.961599441,2.211352562,2.457866644,2.083272822,3.107398714,3.303478804,2.264631891,3.209554107,1.116530493,2.750360414,1.196279737,0.78085328,1.838548162,1.992652388,0.997472218,1.211338526,1.134955526,2.850181278,2.307094634,1.252081781,1.041211107,2.135947256,2.667956563,2.667957105,0.895471936,1.882010964,1.828899633,1.144759684,1.806936448,1.934506967,1.4272633,1.728107108,1.7431508,2.010302572,2.100868534,1.747404121,1.612932419,2.8711057,2.127495202
